Step,ID,Count,InPromptCount,Statement
0,0,10,1,"Incorporating a variety of fruits and vegetables into your meals ensures you receive a spectrum of vitamins and minerals, vital for boosting immunity and enhancing your energy levels, contributing to an overall healthier you."
0,1,10,1,"Regular consumption of whole grains, lean proteins, and healthy fats forms the cornerstone of a nutritionally sound diet, playing a pivotal role in heart health and long-term disease prevention."
0,2,10,1,"Hydration is a key component of a healthy lifestyle; drinking adequate water daily aids in digestion, nutrient absorption, and maintaining a balanced metabolism, which is essential for weight management."
0,3,10,1,"Engaging in mindful eating practices, such as savoring each bite and listening to your body's hunger cues, can significantly improve your relationship with food and support a healthy, balanced lifestyle."
0,4,10,1,"Incorporating moderate, regular physical activity alongside a diet rich in vegetables, fruits, and whole grains can dramatically improve your physical and mental health, leading to a more active and fulfilling life."
0,5,10,1,"Limiting processed foods and sugars while prioritizing fresh, whole ingredients can lead to improved mental clarity, better sleep patterns, and an overall enhancement in life quality."
0,6,10,1,"Understanding the nutritional content of your meals, including macronutrient ratios and calorie density, is crucial for making informed food choices that support a healthy and balanced diet."
0,7,10,1,"Innovating in the kitchen by experimenting with international cuisines can introduce a variety of healthy and flavorful ingredients into your diet, making healthy eating a delightful experience."
0,8,10,1,"Focusing on portion control is as important as food quality; eating in moderation ensures you get the necessary nutrients without excess calories, aiding in effective weight management."
0,9,10,1,"Embracing a plant-based diet, rich in legumes, nuts, seeds, and whole grains, can provide substantial health benefits, including lowered risk of chronic diseases and improved digestion and metabolism."
1,0,88,37,"Incorporating a variety of fruits and vegetables into your meals ensures you receive a spectrum of vitamins and minerals, vital for boosting immunity and enhancing your energy levels, contributing to an overall healthier you."
1,4,12,5,"Incorporating moderate, regular physical activity alongside a diet rich in vegetables, fruits, and whole grains can dramatically improve your physical and mental health, leading to a more active and fulfilling life."
1,10,1,1,"Eating a balanced diet and staying active can significantly enhance well-being and overall health."
1,11,1,2,"Eating a balanced diet and staying active can greatly enhance well-being and overall health."
1,12,1,1,"Eating a balanced diet and exercising regularly can significantly boost well-being and overall health."
1,13,1,2,"Eating a balanced diet and staying active can significantly enhance well-being and overall health."
1,14,1,2,"Eating a balanced diet and exercising regularly can significantly boost well-being and overall health."
2,4,100,44,"Incorporating moderate, regular physical activity alongside a diet rich in vegetables, fruits, and whole grains can dramatically improve your physical and mental health, leading to a more active and fulfilling life."
2,15,1,1,"Eating a balanced diet and staying active can greatly enhance your well-being and overall health."
2,16,1,1,"Eating a balanced diet and staying active can significantly boost well-being and overall health."
2,17,1,1,"Eating a balanced diet and staying active can significantly enhance well-being and overall health."
2,18,1,1,"Eating a balanced diet and staying active can significantly enhance well-being and overall health."
2,19,1,2,"Eating a balanced diet and staying active can significantly enhance your well-being and overall health."
3,4,79,31,"Incorporating moderate, regular physical activity alongside a diet rich in vegetables, fruits, and whole grains can dramatically improve your physical and mental health, leading to a more active and fulfilling life."
3,15,2,0,"Eating a balanced diet and staying active can greatly enhance your well-being and overall health."
3,19,19,12,"Eating a balanced diet and staying active can significantly enhance your well-being and overall health."
3,20,1,1,"Eating a balanced diet and staying active can greatly enhance your well-being and overall health."
3,21,1,1,"Choose foods that nourish your body and soul, and let well-being be your guide."
3,22,1,1,"Eating a balanced diet and staying active can greatly enhance your well-being and overall health."
3,23,1,1,"Eating a balanced diet and staying active can significantly enhance well-being and overall health."
3,24,1,3,"Eating a balanced diet and staying active can greatly enhance well-being and overall health."
4,4,100,40,"Incorporating moderate, regular physical activity alongside a diet rich in vegetables, fruits, and whole grains can dramatically improve your physical and mental health, leading to a more active and fulfilling life."
4,25,1,2,"Eating a balanced diet and exercising regularly can significantly boost well-being and overall health."
4,26,1,3,"Eating a balanced diet and staying active can significantly enhance well-being and overall health."
4,27,1,2,"Eating a balanced diet and staying active can significantly boost well-being and overall health."
4,28,1,1,"Eating a balanced diet and staying active can greatly enhance well-being and overall health."
4,29,1,2,"Eating a balanced diet and staying active can significantly enhance well-being and overall health."
5,4,100,42,"Incorporating moderate, regular physical activity alongside a diet rich in vegetables, fruits, and whole grains can dramatically improve your physical and mental health, leading to a more active and fulfilling life."
5,30,1,1,"Eating a balanced diet and exercising regularly can significantly enhance well-being and overall health."
5,31,1,2,"Eating a balanced diet and exercising regularly can significantly enhance well-being and overall health."
5,32,1,2,"Eating a balanced diet and staying active can greatly enhance your well-being and overall health."
5,33,1,2,"Eating a balanced diet and staying active can significantly enhance well-being and overall health."
5,34,1,1,"Choose foods that nourish your body and soul, and remember that well-being is a journey, not a destination."
6,4,80,32,"Incorporating moderate, regular physical activity alongside a diet rich in vegetables, fruits, and whole grains can dramatically improve your physical and mental health, leading to a more active and fulfilling life."
6,32,12,5,"Eating a balanced diet and staying active can greatly enhance your well-being and overall health."
6,33,4,3,"Eating a balanced diet and staying active can significantly enhance well-being and overall health."
6,34,4,5,"Choose foods that nourish your body and soul, and remember that well-being is a journey, not a destination."
6,35,1,1,"Choosing a balanced diet can significantly boost your well-being and overall health."
6,36,1,1,"Eating a balanced diet and staying active can greatly enhance your well-being and overall health."
6,37,1,1,"Eating a balanced diet and exercising regularly can greatly enhance well-being and overall health."
6,38,1,1,"Eating a balanced diet and maintaining good physical activity can significantly enhance well-being and overall health."
6,39,1,1,"Eating a balanced diet and staying active can significantly enhance well-being and overall health."
7,4,100,43,"Incorporating moderate, regular physical activity alongside a diet rich in vegetables, fruits, and whole grains can dramatically improve your physical and mental health, leading to a more active and fulfilling life."
7,40,1,1,"Eating a balanced diet and maintaining physical activity can greatly enhance well-being and overall health."
7,41,1,1,"Eating a balanced diet and staying active can significantly boost well-being and overall health."
7,42,1,1,"Choosing a balanced diet can greatly enhance your well-being and overall health."
7,43,1,2,"Eating a balanced diet and staying active can significantly enhance well-being and overall health."
7,44,1,2,"Choose foods that nourish your body and soul, and enjoy a life that promotes well-being."
8,43,45,15,"Eating a balanced diet and staying active can significantly enhance well-being and overall health."
8,44,55,27,"Choose foods that nourish your body and soul, and enjoy a life that promotes well-being."
8,45,1,2,"Eating a balanced diet and staying active can significantly boost well-being and overall health."
8,46,1,1,"Eating a balanced diet and exercising regularly can significantly boost well-being and overall health."
8,47,1,2,"Choosing a balanced diet can greatly enhance your well-being and overall health."
8,48,1,2,"Eating a balanced diet and staying active can significantly boost well-being and overall health."
8,49,1,1,"Eating a balanced diet and exercising regularly can significantly boost well-being and overall health."
9,43,4,1,"Eating a balanced diet and staying active can significantly enhance well-being and overall health."
9,44,12,3,"Choose foods that nourish your body and soul, and enjoy a life that promotes well-being."
9,48,84,40,"Eating a balanced diet and staying active can significantly boost well-being and overall health."
9,50,1,1,"Eating a balanced diet and staying active can significantly enhance well-being and overall health."
9,51,1,1,"Eating a balanced diet and staying active can greatly enhance your well-being and overall health."
9,52,1,1,"Eating a balanced diet and staying active can significantly boost well-being and overall health."
9,53,1,2,"Eating a balanced diet and staying active can significantly enhance well-being and overall health."
9,54,1,1,"Choose foods that nourish your body and soul, and let well-being be your guide."
10,43,4,1,"Eating a balanced diet and staying active can significantly enhance well-being and overall health."
10,44,45,23,"Choose foods that nourish your body and soul, and enjoy a life that promotes well-being."
10,48,51,18,"Eating a balanced diet and staying active can significantly boost well-being and overall health."
10,55,1,3,"Eating a balanced diet and exercising regularly can significantly enhance well-being and overall health."
10,56,1,2,"Eating a balanced diet and staying active can significantly enhance your well-being and overall health."
10,57,1,1,"Eating a balanced diet and staying active can greatly enhance your well-being and overall health."
10,58,1,1,"Eating a balanced diet and exercising regularly can significantly boost well-being and overall health."
10,59,1,1,"Eating a balanced diet and staying active can greatly enhance your well-being and overall health."
11,44,46,18,"Choose foods that nourish your body and soul, and enjoy a life that promotes well-being."
11,48,54,27,"Eating a balanced diet and staying active can significantly boost well-being and overall health."
11,60,1,1,"Eating a balanced diet and staying hydrated can significantly boost your well-being and overall health."
11,61,1,1,"Eating a balanced diet and exercising regularly can significantly enhance well-being and overall health."
11,62,1,1,"Eating a balanced diet and staying active can greatly enhance your well-being and overall health."
11,63,1,1,"Eating a balanced diet and staying active can significantly boost well-being and overall health."
11,64,1,1,"Eating a balanced diet and exercising regularly can significantly boost well-being and overall health."
12,48,100,41,"Eating a balanced diet and staying active can significantly boost well-being and overall health."
12,65,1,2,"Choosing a balanced diet can greatly enhance your well-being and overall health."
12,66,1,1,"Eating a balanced diet and exercising regularly can significantly boost well-being and overall health."
12,67,1,1,"Eating a balanced diet and staying active can significantly boost well-being and overall health."
12,68,1,3,"Eating a balanced diet and exercising regularly can greatly enhance well-being and overall health."
12,69,1,2,"Eating a balanced diet and staying active can greatly enhance your well-being and overall health."
13,48,84,35,"Eating a balanced diet and staying active can significantly boost well-being and overall health."
13,65,2,2,"Choosing a balanced diet can greatly enhance your well-being and overall health."
13,68,12,5,"Eating a balanced diet and exercising regularly can greatly enhance well-being and overall health."
13,69,2,2,"Eating a balanced diet and staying active can greatly enhance your well-being and overall health."
13,70,1,2,"Eating a balanced diet and staying active can significantly enhance well-being and overall health."
13,71,1,1,"Eating a balanced diet and staying active can greatly enhance well-being and overall health."
13,72,1,1,"Eating a balanced diet and exercising regularly can greatly enhance well-being and overall health."
13,73,1,1,"Eating a balanced diet and staying active can significantly enhance well-being and overall health."
13,74,1,1,"Eating a balanced diet and staying active can significantly boost well-being and overall health."
14,48,100,44,"Eating a balanced diet and staying active can significantly boost well-being and overall health."
14,75,1,1,"Eating a balanced diet and staying active can greatly enhance your well-being and overall health."
14,76,1,1,"Eating a balanced diet and exercising regularly can significantly enhance your well-being and overall health."
14,77,1,1,"Eating a balanced diet and staying active can greatly enhance your well-being and overall health."
14,78,1,1,"Eating a balanced diet and exercising regularly can significantly enhance well-being and overall health."
14,79,1,2,"Eating a balanced diet and staying active can significantly boost well-being and overall health."
15,75,24,12,"Eating a balanced diet and staying active can greatly enhance your well-being and overall health."
15,76,28,15,"Eating a balanced diet and exercising regularly can significantly enhance your well-being and overall health."
15,77,17,2,"Eating a balanced diet and staying active can greatly enhance your well-being and overall health."
15,79,31,14,"Eating a balanced diet and staying active can significantly boost well-being and overall health."
15,80,1,1,"Eating a balanced diet and staying active can significantly enhance well-being and overall health."
15,81,1,1,"Eating a balanced diet and staying active can greatly enhance well-being and overall health."
15,82,1,2,"Eating a balanced diet and exercising regularly can significantly boost well-being and overall health."
15,83,1,1,"Eating a balanced diet and staying active can significantly boost well-being and overall health."
15,84,1,2,"Eating a balanced diet and staying active can significantly boost well-being and overall health."
16,79,97,41,"Eating a balanced diet and staying active can significantly boost well-being and overall health."
16,84,3,3,"Eating a balanced diet and staying active can significantly boost well-being and overall health."
16,85,1,1,"Eating a balanced diet and exercising regularly can greatly enhance well-being and overall health."
16,86,1,1,"Eating a balanced diet and staying active can significantly enhance well-being and overall health."
16,87,1,2,"Eating a balanced diet and staying active can greatly enhance well-being and overall health."
16,88,1,1,"Eating a balanced diet and staying active can greatly enhance well-being and overall health."
16,89,1,1,"Eating a balanced diet and maintaining good health are key to well-being."
17,79,44,18,"Eating a balanced diet and staying active can significantly boost well-being and overall health."
17,84,54,26,"Eating a balanced diet and staying active can significantly boost well-being and overall health."
17,87,2,1,"Eating a balanced diet and staying active can greatly enhance well-being and overall health."
17,90,1,1,"Eating a balanced diet and staying hydrated can greatly enhance your well-being and overall health."
17,91,1,1,"Eating a balanced diet and staying active can significantly enhance well-being and overall health."
17,92,1,1,"Eating a balanced diet and staying active can significantly boost well-being and overall health."
17,93,1,1,"Eating a balanced diet and staying active can greatly enhance your well-being and overall health."
17,94,1,1,"Choosing a balanced diet can greatly enhance your well-being and overall health."
18,79,6,3,"Eating a balanced diet and staying active can significantly boost well-being and overall health."
18,84,94,41,"Eating a balanced diet and staying active can significantly boost well-being and overall health."
18,95,1,1,"Eating a balanced diet and exercising regularly can greatly enhance well-being and overall health."
18,96,1,1,"Eating a balanced diet and staying active can greatly enhance your well-being and overall health."
18,97,1,2,"Eating a balanced diet and staying active can significantly enhance well-being and overall health."
18,98,1,1,"Eating a balanced diet and staying active can significantly boost well-being and overall health."
18,99,1,1,"Choose foods that nourish your body and soul, and remember that well-being is the simplest path to happiness."
19,84,37,18,"Eating a balanced diet and staying active can significantly boost well-being and overall health."
19,97,56,22,"Eating a balanced diet and staying active can significantly enhance well-being and overall health."
19,99,7,5,"Choose foods that nourish your body and soul, and remember that well-being is the simplest path to happiness."
19,100,1,1,"Eating a balanced diet and staying active can greatly enhance your well-being and overall health."
19,101,1,1,"Eating a balanced diet and staying active can significantly boost well-being and overall health."
19,102,1,1,"Eating a balanced diet and staying active can significantly enhance well-being and overall health."
19,103,1,1,"Eating a balanced diet and staying active can significantly boost well-being and overall health."
19,104,1,1,"Eating a balanced diet and staying active can significantly enhance well-being and overall health."
20,84,3,3,"Eating a balanced diet and staying active can significantly boost well-being and overall health."
20,97,68,33,"Eating a balanced diet and staying active can significantly enhance well-being and overall health."
20,99,29,9,"Choose foods that nourish your body and soul, and remember that well-being is the simplest path to happiness."
20,105,1,1,"Eating a balanced diet and exercising regularly can significantly boost well-being and overall health."
20,106,1,1,"Eating a balanced diet and staying active can significantly enhance well-being and overall health."
20,107,1,1,"Eating a balanced diet and staying active can greatly enhance well-being and overall health."
20,108,1,1,"Choose foods that nourish your body and soul, and remember that well-being is a journey, not a destination."
20,109,1,1,"Eating a balanced diet and staying active can significantly enhance your well-being and overall health."
21,84,30,12,"Eating a balanced diet and staying active can significantly boost well-being and overall health."
21,97,43,13,"Eating a balanced diet and staying active can significantly enhance well-being and overall health."
21,99,27,17,"Choose foods that nourish your body and soul, and remember that well-being is the simplest path to happiness."
21,110,1,2,"Eating a balanced diet and exercising regularly can greatly enhance well-being and overall health."
21,111,1,2,"Choose foods that nourish your body and soul, and let well-being be your guiding light."
21,112,1,1,"Eating a balanced diet and staying active can significantly enhance well-being and overall health."
21,113,1,1,"Eating a balanced diet and exercising regularly can significantly boost well-being and overall health."
21,114,1,2,"Eating a balanced diet and staying active can greatly enhance your well-being and overall health."
22,97,8,3,"Eating a balanced diet and staying active can significantly enhance well-being and overall health."
22,99,92,40,"Choose foods that nourish your body and soul, and remember that well-being is the simplest path to happiness."
22,115,1,1,"Eating a balanced diet and staying active can significantly boost well-being and overall health."
22,116,1,2,"Eating a balanced diet and exercising regularly can greatly enhance your well-being and overall health."
22,117,1,1,"Eating a balanced diet and staying active can significantly boost well-being and overall health."
22,118,1,1,"Eating a balanced diet and staying active can greatly enhance your well-being and overall health."
22,119,1,2,"Eating a balanced diet and exercising regularly can significantly boost well-being and overall health."
23,97,3,1,"Eating a balanced diet and staying active can significantly enhance well-being and overall health."
23,99,7,3,"Choose foods that nourish your body and soul, and remember that well-being is the simplest path to happiness."
23,116,86,37,"Eating a balanced diet and exercising regularly can greatly enhance your well-being and overall health."
23,117,4,0,"Eating a balanced diet and staying active can significantly boost well-being and overall health."
23,120,1,3,"Eating a balanced diet and staying active can significantly boost well-being and overall health."
23,121,1,2,"Eating a balanced diet and exercising regularly can significantly boost well-being and overall health."
23,122,1,2,"Eating a balanced diet and exercising regularly can significantly enhance well-being and overall health."
23,123,1,1,"Eating a balanced diet and staying active can significantly boost well-being and overall health."
23,124,1,1,"Choose foods that nourish your body and soul, and remember that well-being is a journey, not a destination."
24,116,97,43,"Eating a balanced diet and exercising regularly can greatly enhance your well-being and overall health."
24,120,1,1,"Eating a balanced diet and staying active can significantly boost well-being and overall health."
24,121,1,0,"Eating a balanced diet and exercising regularly can significantly boost well-being and overall health."
24,122,1,0,"Eating a balanced diet and exercising regularly can significantly enhance well-being and overall health."
24,125,1,2,"Choose foods that nourish your body and soul, and remember that well-being is the best medicine."
24,126,1,1,"Eating a balanced diet and staying active can greatly enhance well-being and overall health."
24,127,1,1,"Eating a balanced diet and staying active can greatly enhance well-being and overall health."
24,128,1,1,"Eating a balanced diet and staying active can greatly enhance your well-being and overall health."
24,129,1,1,"Eating a balanced diet and staying active can greatly enhance your well-being and overall health."
25,116,87,39,"Eating a balanced diet and exercising regularly can greatly enhance your well-being and overall health."
25,120,2,0,"Eating a balanced diet and staying active can significantly boost well-being and overall health."
25,125,11,6,"Choose foods that nourish your body and soul, and remember that well-being is the best medicine."
25,130,1,1,"Eating a balanced diet and staying active can significantly boost well-being and overall health."
25,131,1,1,"Eating a balanced diet and staying active can greatly enhance your well-being and overall health."
25,132,1,1,"Eating a balanced diet and exercising regularly can significantly boost well-being and overall health."
25,133,1,1,"Eating a balanced diet and staying active can greatly enhance your well-being and overall health."
25,134,1,1,"Eating a balanced diet and exercising regularly can significantly boost well-being and overall health."
26,116,2,0,"Eating a balanced diet and exercising regularly can greatly enhance your well-being and overall health."
26,125,2,2,"Choose foods that nourish your body and soul, and remember that well-being is the best medicine."
26,130,35,15,"Eating a balanced diet and staying active can significantly boost well-being and overall health."
26,131,18,9,"Eating a balanced diet and staying active can greatly enhance your well-being and overall health."
26,132,4,2,"Eating a balanced diet and exercising regularly can significantly boost well-being and overall health."
26,133,31,13,"Eating a balanced diet and staying active can greatly enhance your well-being and overall health."
26,134,8,3,"Eating a balanced diet and exercising regularly can significantly boost well-being and overall health."
26,135,1,1,"Eating a balanced diet and staying active can greatly enhance your well-being and overall health."
26,136,1,2,"Eating a balanced diet and exercising regularly can greatly enhance well-being and overall health."
26,137,1,1,"Choose foods that nourish your body and soul, and remember that well-being is a journey, not a destination."
26,138,1,1,"Eating a balanced diet and staying active can greatly enhance your well-being and overall health."
26,139,1,1,"Eating a balanced diet and staying active can significantly boost well-being and overall health."
27,131,1,1,"Eating a balanced diet and staying active can greatly enhance your well-being and overall health."
27,133,99,43,"Eating a balanced diet and staying active can greatly enhance your well-being and overall health."
27,140,1,1,"Eating a balanced diet and staying active can significantly enhance your well-being and overall health."
27,141,1,1,"Eating a balanced diet and staying active can significantly enhance well-being and overall health."
27,142,1,1,"Eating a balanced diet and staying active can greatly enhance well-being and overall health."
27,143,1,1,"Eating a balanced diet and staying active can significantly boost well-being and overall health."
27,144,1,2,"Choose foods that nourish your body and soul, and remember that well-being is the path, not just the destination."
28,144,100,40,"Choose foods that nourish your body and soul, and remember that well-being is the path, not just the destination."
28,145,1,1,"Eating a balanced diet and staying active can significantly enhance well-being and overall health."
28,146,1,4,"Eating a balanced diet and exercising regularly can significantly boost well-being and overall health."
28,147,1,3,"Eating a balanced diet and staying active can greatly enhance well-being and overall health."
28,148,1,1,"Eating a balanced diet and staying active can significantly enhance your well-being and overall health."
28,149,1,1,"Eating a balanced diet and maintaining well-being go hand in hand for a healthier you."
29,147,100,44,"Eating a balanced diet and staying active can greatly enhance well-being and overall health."
29,150,1,1,"Eating a balanced diet and staying active can significantly enhance well-being and overall health."
29,151,1,1,"Eating a balanced diet and staying active can greatly enhance your well-being and overall health."
29,152,1,2,"Eating a balanced diet and exercising regularly can greatly enhance your well-being and overall health."
29,153,1,1,"Eating a balanced diet and staying active can significantly enhance your well-being and overall health."
29,154,1,1,"Choose foods that nourish your body and soul, and enjoy the journey to well-being."
30,147,9,5,"Eating a balanced diet and staying active can greatly enhance well-being and overall health."
30,150,2,1,"Eating a balanced diet and staying active can significantly enhance well-being and overall health."
30,152,2,1,"Eating a balanced diet and exercising regularly can greatly enhance your well-being and overall health."
30,153,74,29,"Eating a balanced diet and staying active can significantly enhance your well-being and overall health."
30,154,13,8,"Choose foods that nourish your body and soul, and enjoy the journey to well-being."
30,155,1,1,"Eating a balanced diet and staying active can significantly boost well-being and overall health."
30,156,1,1,"Eating a balanced diet and staying hydrated can significantly enhance well-being and overall health."
30,157,1,1,"Eating a balanced diet and exercising regularly can greatly enhance well-being and overall health."
30,158,1,2,"Eating a balanced diet and staying active can significantly boost well-being and overall health."
30,159,1,1,"Eating a balanced diet and staying active can significantly enhance your well-being and overall health."
31,153,100,42,"Eating a balanced diet and staying active can significantly enhance your well-being and overall health."
31,160,1,2,"Eating a balanced diet and staying active can significantly enhance well-being and overall health."
31,161,1,1,"Eating a balanced diet and staying hydrated can significantly boost well-being and overall health."
31,162,1,1,"Eating a balanced diet and staying active can greatly enhance well-being and overall health."
31,163,1,1,"Eating a balanced diet and exercising regularly can greatly enhance well-being and overall health."
31,164,1,3,"Eating a balanced diet and staying hydrated can greatly enhance your well-being and overall health."
32,153,88,39,"Eating a balanced diet and staying active can significantly enhance your well-being and overall health."
32,160,2,0,"Eating a balanced diet and staying active can significantly enhance well-being and overall health."
32,161,1,2,"Eating a balanced diet and staying hydrated can significantly boost well-being and overall health."
32,163,1,0,"Eating a balanced diet and exercising regularly can greatly enhance well-being and overall health."
32,164,8,1,"Eating a balanced diet and staying hydrated can greatly enhance your well-being and overall health."
32,165,1,1,"Eating a balanced diet and staying active can greatly enhance well-being and overall health."
32,166,1,2,"Eating a balanced diet and staying active can greatly enhance your well-being and overall health."
32,167,1,1,"Eating a balanced diet and staying active can significantly boost well-being and overall health."
32,168,1,2,"Eating a balanced diet and exercising regularly can significantly enhance well-being and overall health."
32,169,1,2,"Eating a balanced diet and staying active can significantly enhance well-being and overall health."
33,153,88,37,"Eating a balanced diet and staying active can significantly enhance your well-being and overall health."
33,166,12,4,"Eating a balanced diet and staying active can greatly enhance your well-being and overall health."
33,170,1,2,"Eating a balanced diet and staying active can greatly enhance well-being and overall health."
33,171,1,1,"Eating a balanced diet and staying active can significantly enhance well-being and overall health."
33,172,1,2,"Eating a balanced diet and staying active can significantly enhance well-being and overall health."
33,173,1,3,"Eating a balanced diet and exercising regularly can greatly enhance well-being and overall health."
33,174,1,1,"Choose foods that nourish your body and soul, and remember that well-being is a journey, not a destination."
34,153,98,41,"Eating a balanced diet and staying active can significantly enhance your well-being and overall health."
34,166,2,1,"Eating a balanced diet and staying active can greatly enhance your well-being and overall health."
34,175,1,1,"Eating a balanced diet and staying active can greatly enhance your well-being and overall health."
34,176,1,1,"Eating a balanced diet and staying active can significantly enhance well-being and overall health."
34,177,1,2,"Eating a balanced diet and staying active can greatly enhance your well-being and overall health."
34,178,1,2,"Eating a balanced diet and maintaining good health are key to well-being."
34,179,1,2,"Choose foods that bring joy and nourish your body, and don't forget to enjoy the journey to good health."
35,153,19,5,"Eating a balanced diet and staying active can significantly enhance your well-being and overall health."
35,166,55,29,"Eating a balanced diet and staying active can greatly enhance your well-being and overall health."
35,179,26,7,"Choose foods that bring joy and nourish your body, and don't forget to enjoy the journey to good health."
35,180,1,2,"Eating a balanced diet and staying active can greatly enhance your well-being and overall health."
35,181,1,2,"Eating a balanced diet and exercising regularly can greatly improve well-being and overall health."
35,182,1,1,"Eating a balanced diet and exercising regularly can significantly boost well-being and overall health."
35,183,1,1,"Eating a balanced diet and exercising regularly can significantly boost well-being and overall health."
35,184,1,3,"Eating a balanced diet and exercising regularly can significantly boost well-being and overall health."
36,179,100,43,"Choose foods that bring joy and nourish your body, and don't forget to enjoy the journey to good health."
36,185,1,1,"Eating a balanced diet and staying active can significantly enhance your well-being and overall health."
36,186,1,1,"Eating a balanced diet and maintaining good physical activity can significantly enhance well-being and overall health."
36,187,1,1,"Choose foods that nourish your body and soul, and remember that well-being is a journey, not a destination."
36,188,1,2,"Eating a balanced diet and staying active can significantly enhance well-being and overall health."
36,189,1,2,"Choose foods that nourish your body and soul, and remember that true well-being comes from balance and moderation."
37,179,100,45,"Choose foods that bring joy and nourish your body, and don't forget to enjoy the journey to good health."
37,190,1,1,"Eating a balanced diet and staying hydrated can significantly boost well-being and overall health."
37,191,1,1,"Eating a balanced diet and exercising regularly can significantly boost well-being and overall health."
37,192,1,1,"Choose foods that nourish your body and soul, and let well-being be your guide."
37,193,1,1,"Choose foods that nourish your body and soul, and remember that well-being is a journey, not a destination."
37,194,1,1,"Eating a balanced diet and staying active can greatly enhance your well-being and overall health."
38,179,4,1,"Choose foods that bring joy and nourish your body, and don't forget to enjoy the journey to good health."
38,191,2,1,"Eating a balanced diet and exercising regularly can significantly boost well-being and overall health."
38,192,23,7,"Choose foods that nourish your body and soul, and let well-being be your guide."
38,193,71,33,"Choose foods that nourish your body and soul, and remember that well-being is a journey, not a destination."
38,195,1,1,"Eating a balanced diet and staying active can significantly boost well-being and overall health."
38,196,1,1,"Choose foods that nourish your body and soul, and let well-being be your guide."
38,197,1,2,"Eating a balanced diet and exercising regularly can greatly enhance your well-being and overall health."
38,198,1,1,"Eating a balanced diet and staying active can significantly enhance well-being and overall health."
38,199,1,3,"Eating a balanced diet and staying hydrated can significantly enhance well-being and overall health."
39,193,100,42,"Choose foods that nourish your body and soul, and remember that well-being is a journey, not a destination."
39,200,1,1,"Eating a balanced diet and staying active can significantly enhance well-being and overall health."
39,201,1,2,"Eating a balanced diet and staying active can greatly enhance your well-being and overall health."
39,202,1,3,"Eating a balanced diet and staying active can greatly enhance well-being and overall health."
39,203,1,1,"Eating a balanced diet and staying active can greatly enhance well-being and overall health."
39,204,1,1,"Eating a balanced diet and staying active can greatly enhance well-being and overall health."
40,193,100,41,"Choose foods that nourish your body and soul, and remember that well-being is a journey, not a destination."
40,205,1,1,"Eating a balanced diet and exercising regularly can significantly boost well-being and overall health."
40,206,1,3,"Eating a balanced diet and maintaining good habits contribute to a state of well-being."
40,207,1,2,"Eating a balanced diet and staying active can significantly boost well-being and overall health."
40,208,1,2,"Eating a balanced diet and staying active can significantly boost well-being and overall health."
40,209,1,1,"Eating a balanced diet and staying active can greatly enhance your well-being and overall health."
41,193,100,44,"Choose foods that nourish your body and soul, and remember that well-being is a journey, not a destination."
41,210,1,1,"Eating a balanced diet and staying active can greatly enhance your well-being and overall health."
41,211,1,2,"Eating a balanced diet and staying active can greatly enhance your well-being and overall health."
41,212,1,1,"Eating a balanced diet and staying active can significantly boost well-being and overall health."
41,213,1,1,"Eating a balanced diet and staying active can greatly enhance well-being and overall health."
41,214,1,1,"Eating a balanced diet and staying active can significantly boost well-being and overall health."
42,193,42,17,"Choose foods that nourish your body and soul, and remember that well-being is a journey, not a destination."
42,211,10,6,"Eating a balanced diet and staying active can greatly enhance your well-being and overall health."
42,212,45,20,"Eating a balanced diet and staying active can significantly boost well-being and overall health."
42,213,2,1,"Eating a balanced diet and staying active can greatly enhance well-being and overall health."
42,214,1,1,"Eating a balanced diet and staying active can significantly boost well-being and overall health."
42,215,1,1,"Eating a balanced diet and staying active can greatly enhance your well-being and overall health."
42,216,1,1,"Eating a balanced diet and exercising regularly can greatly enhance well-being and overall health."
42,217,1,1,"Eating a balanced diet and staying active can greatly enhance your well-being and overall health."
42,218,1,1,"Eating a balanced diet and staying active can greatly enhance your well-being and overall health."
42,219,1,1,"Eating a balanced diet and exercising regularly can greatly enhance your well-being and overall health."
43,212,100,43,"Eating a balanced diet and staying active can significantly boost well-being and overall health."
43,220,1,3,"Eating a balanced diet and staying active can greatly enhance well-being and overall health."
43,221,1,1,"Eating a balanced diet and staying active can significantly enhance your well-being and overall health."
43,222,1,1,"Eating a balanced diet and staying active can greatly enhance your well-being."
43,223,1,1,"Eating a balanced diet and staying active can greatly enhance well-being and overall health."
43,224,1,1,"Eating a balanced diet and staying active can significantly boost well-being and overall health."
44,212,15,8,"Eating a balanced diet and staying active can significantly boost well-being and overall health."
44,220,51,23,"Eating a balanced diet and staying active can greatly enhance well-being and overall health."
44,221,14,1,"Eating a balanced diet and staying active can significantly enhance your well-being and overall health."
44,224,20,12,"Eating a balanced diet and staying active can significantly boost well-being and overall health."
44,225,1,1,"Choosing a balanced diet can greatly enhance your well-being and overall health."
44,226,1,2,"Eating a balanced diet and staying active can greatly enhance your well-being and overall health."
44,227,1,1,"Eating a balanced diet and staying active can greatly enhance well-being and overall health."
44,228,1,1,"Eating a balanced diet and staying active can greatly enhance your well-being and overall health."
44,229,1,1,"Eating a balanced diet and staying active can greatly enhance your well-being and overall health."
45,220,19,8,"Eating a balanced diet and staying active can greatly enhance well-being and overall health."
45,224,81,34,"Eating a balanced diet and staying active can significantly boost well-being and overall health."
45,230,1,2,"Eating a balanced diet and staying active can greatly enhance your well-being and overall health."
45,231,1,1,"Eating a balanced diet and exercising regularly can significantly enhance well-being and overall health."
45,232,1,2,"Eating a balanced diet and staying active can greatly enhance well-being and overall health."
45,233,1,1,"Eating a balanced diet and exercising regularly can greatly enhance your well-being and overall health."
45,234,1,2,"Eating a balanced diet and exercising regularly can significantly enhance well-being and overall health."
46,224,60,20,"Eating a balanced diet and staying active can significantly boost well-being and overall health."
46,234,40,24,"Eating a balanced diet and exercising regularly can significantly enhance well-being and overall health."
46,235,1,2,"Eating a balanced diet and staying active can significantly boost well-being and overall health."
46,236,1,1,"Eating a balanced diet and staying active can significantly enhance well-being and overall health."
46,237,1,1,"Eating a balanced diet and exercising regularly can greatly enhance well-being and overall health."
46,238,1,1,"Choose fruits over sweets for a healthier snack that boosts well-being."
46,239,1,1,"Eating a balanced diet and exercising regularly can significantly boost well-being and overall health."
47,234,100,44,"Eating a balanced diet and exercising regularly can significantly enhance well-being and overall health."
47,240,1,1,"Eating a balanced diet and maintaining good physical activity can significantly contribute to well-being and overall good health."
47,241,1,2,"Choose fruits over sweets for a healthier snack."
47,242,1,1,"Eating a balanced diet and staying active can greatly enhance well-being and overall health."
47,243,1,1,"Eating a balanced diet and staying active can greatly enhance well-being and overall health."
47,244,1,1,"Eating a balanced diet and staying active can significantly enhance your well-being and overall health."
48,242,15,6,"Eating a balanced diet and staying active can greatly enhance well-being and overall health."
48,244,85,37,"Eating a balanced diet and staying active can significantly enhance your well-being and overall health."
48,245,1,2,"Eating a balanced diet and staying active can significantly enhance your well-being and overall health."
48,246,1,1,"Eating a balanced diet and staying active can significantly boost well-being and overall health."
48,247,1,1,"Eating a balanced diet and staying active can significantly enhance your well-being and overall health."
48,248,1,2,"Eating a balanced diet and exercising regularly can significantly boost well-being and overall health."
48,249,1,1,"Eating a balanced diet and staying active can significantly boost well-being and overall health."
49,244,100,42,"Eating a balanced diet and staying active can significantly enhance your well-being and overall health."
49,250,1,3,"Eating a balanced diet and staying active can greatly enhance your well-being and overall health."
49,251,1,2,"Choosing a balanced diet can greatly enhance your well-being and overall health."
49,252,1,1,"Choosing a balanced diet can greatly enhance your well-being and overall health."
49,253,1,1,"Eating a balanced diet and staying active can significantly boost well-being and overall health."
49,254,1,1,"Eating a balanced diet and staying active can significantly boost well-being and overall health."
50,244,72,32,"Eating a balanced diet and staying active can significantly enhance your well-being and overall health."
50,250,20,7,"Eating a balanced diet and staying active can greatly enhance your well-being and overall health."
50,251,2,0,"Choosing a balanced diet can greatly enhance your well-being and overall health."
50,253,1,1,"Eating a balanced diet and staying active can significantly boost well-being and overall health."
50,254,5,2,"Eating a balanced diet and staying active can significantly boost well-being and overall health."
50,255,1,1,"Eating a balanced diet and exercising regularly can significantly boost well-being and overall health."
50,256,1,2,"Eating a balanced diet and staying active can significantly enhance well-being and overall health."
50,257,1,1,"Eating a balanced diet and exercising regularly can greatly enhance well-being and overall health."
50,258,1,3,"Choose foods that nourish your body and soul, and remember that well-being is a journey, not a destination."
50,259,1,1,"Eating a balanced diet and staying active can significantly enhance your well-being and overall health."
51,244,95,42,"Eating a balanced diet and staying active can significantly enhance your well-being and overall health."
51,258,5,2,"Choose foods that nourish your body and soul, and remember that well-being is a journey, not a destination."
51,260,1,1,"Eating a balanced diet and exercising regularly can significantly boost well-being and overall health."
51,261,1,2,"Eating a balanced diet and maintaining good well-being are essential for a healthy lifestyle."
51,262,1,1,"Eating a balanced diet and staying active can significantly improve well-being and overall health."
51,263,1,1,"Eating a balanced diet and exercising regularly can significantly boost well-being and overall health."
51,264,1,1,"Eating a balanced diet and staying active can greatly enhance your well-being and overall health."
52,244,100,43,"Eating a balanced diet and staying active can significantly enhance your well-being and overall health."
52,265,1,1,"Eating a balanced diet and exercising regularly can greatly enhance well-being and overall health."
52,266,1,2,"Eating a balanced diet and staying hydrated can greatly enhance well-being and overall health."
52,267,1,1,"Eating a balanced diet and staying active can greatly enhance well-being and overall health."
52,268,1,2,"Eating a balanced diet and exercising regularly can significantly boost well-being and overall health."
52,269,1,1,"Eating a balanced diet and staying active can significantly enhance well-being and overall health."
53,265,1,0,"Eating a balanced diet and exercising regularly can greatly enhance well-being and overall health."
53,267,32,11,"Eating a balanced diet and staying active can greatly enhance well-being and overall health."
53,268,63,27,"Eating a balanced diet and exercising regularly can significantly boost well-being and overall health."
53,269,4,4,"Eating a balanced diet and staying active can significantly enhance well-being and overall health."
53,270,1,3,"Eating a balanced diet and staying active can significantly enhance well-being and overall health."
53,271,1,2,"Eating a balanced diet and staying hydrated can significantly enhance well-being and overall health."
53,272,1,1,"Eating a balanced diet and exercising regularly can significantly enhance well-being and overall health."
53,273,1,1,"Eating a balanced diet and staying active can greatly enhance well-being and overall health."
53,274,1,1,"Eating a balanced diet and staying active can significantly enhance well-being and overall health."
54,268,100,44,"Eating a balanced diet and exercising regularly can significantly boost well-being and overall health."
54,275,1,2,"Eating a balanced diet and staying active can significantly enhance well-being and overall health."
54,276,1,1,"Eating a balanced diet and staying active can greatly enhance well-being and overall health."
54,277,1,1,"Eating a balanced diet and exercising regularly can significantly boost well-being and overall health."
54,278,1,1,"Eating a balanced diet and staying hydrated can significantly enhance your well-being and overall health."
54,279,1,1,"Eating a balanced diet and staying active can significantly enhance well-being and overall health."
55,268,44,19,"Eating a balanced diet and exercising regularly can significantly boost well-being and overall health."
55,275,51,19,"Eating a balanced diet and staying active can significantly enhance well-being and overall health."
55,277,5,5,"Eating a balanced diet and exercising regularly can significantly boost well-being and overall health."
55,280,1,1,"Eating a balanced diet and staying active can greatly enhance well-being and overall health."
55,281,1,2,"Eating a balanced diet and exercising regularly can significantly boost well-being and overall health."
55,282,1,1,"Eating a balanced diet and staying active can greatly enhance well-being and overall health."
55,283,1,2,"Eating a balanced diet and staying active can significantly enhance your well-being and overall health."
55,284,1,1,"Eating a balanced diet and staying active can greatly enhance well-being and overall health."
56,268,79,36,"Eating a balanced diet and exercising regularly can significantly boost well-being and overall health."
56,275,20,7,"Eating a balanced diet and staying active can significantly enhance well-being and overall health."
56,277,1,0,"Eating a balanced diet and exercising regularly can significantly boost well-being and overall health."
56,285,1,2,"Eating a balanced diet and exercising regularly can significantly boost well-being and overall health."
56,286,1,1,"Eating a balanced diet and exercising regularly can significantly boost well-being and overall health."
56,287,1,1,"Eating a balanced diet and staying active can greatly enhance your well-being and overall health."
56,288,1,1,"Eating a balanced diet and exercising regularly can greatly enhance well-being and overall health."
56,289,1,2,"Eating a balanced diet and staying active can greatly enhance your well-being and overall health."
57,268,91,42,"Eating a balanced diet and exercising regularly can significantly boost well-being and overall health."
57,275,9,0,"Eating a balanced diet and staying active can significantly enhance well-being and overall health."
57,290,1,3,"Eating a balanced diet and exercising regularly can significantly boost well-being and overall health."
57,291,1,1,"Eating a balanced diet and exercising regularly can significantly boost well-being and overall health."
57,292,1,1,"Eating a balanced diet and staying active can significantly boost well-being and overall health."
57,293,1,1,"Eating a balanced diet and staying active can significantly enhance your well-being and overall health."
57,294,1,2,"Eating a balanced diet and staying active can significantly enhance well-being and overall health."
58,268,78,34,"Eating a balanced diet and exercising regularly can significantly boost well-being and overall health."
58,290,2,0,"Eating a balanced diet and exercising regularly can significantly boost well-being and overall health."
58,294,20,10,"Eating a balanced diet and staying active can significantly enhance well-being and overall health."
58,295,1,1,"Eating a balanced diet and exercising regularly can significantly enhance well-being and overall health."
58,296,1,2,"Eating a balanced diet and staying active can significantly enhance well-being and overall health."
58,297,1,1,"Eating a balanced diet and staying active can greatly enhance well-being and overall health."
58,298,1,1,"Eating a balanced diet and staying active can greatly enhance your well-being and overall health."
58,299,1,1,"Eating a balanced diet and staying active can greatly enhance well-being and overall health."
59,268,97,44,"Eating a balanced diet and exercising regularly can significantly boost well-being and overall health."
59,298,3,0,"Eating a balanced diet and staying active can greatly enhance your well-being and overall health."
59,300,1,1,"Eating a balanced diet and staying active can significantly enhance well-being and overall health."
59,301,1,1,"Eating a balanced diet and staying active can greatly enhance your well-being and overall health."
59,302,1,1,"Eating a balanced diet and staying active can greatly enhance your well-being and overall health."
59,303,1,2,"Choose foods that nourish your body and soul, and remember that well-being is a journey, not a destination."
59,304,1,1,"Eating a balanced diet and staying active can significantly enhance your well-being and overall health."
60,268,15,9,"Eating a balanced diet and exercising regularly can significantly boost well-being and overall health."
60,303,85,31,"Choose foods that nourish your body and soul, and remember that well-being is a journey, not a destination."
60,305,1,2,"Eating a balanced diet and staying active can significantly boost well-being and overall health."
60,306,1,2,"Eating a balanced diet and staying active can significantly boost well-being and overall health."
60,307,1,3,"Eating a balanced diet and staying active can greatly enhance your well-being and overall health."
60,308,1,2,"Eating a balanced diet and staying active can significantly boost well-being and overall health."
60,309,1,1,"Eating a balanced diet and exercising regularly can significantly improve well-being and overall health."
61,268,7,0,"Eating a balanced diet and exercising regularly can significantly boost well-being and overall health."
61,303,93,43,"Choose foods that nourish your body and soul, and remember that well-being is a journey, not a destination."
61,310,1,2,"Eating a balanced diet and staying active can significantly enhance well-being and overall health."
61,311,1,1,"Eating a balanced diet and staying active can greatly enhance well-being and overall health."
61,312,1,2,"Eating a balanced diet and staying active can greatly enhance well-being and overall health."
61,313,1,1,"Eating a balanced diet and exercising regularly can significantly boost well-being and overall health."
61,314,1,1,"Eating a balanced diet and staying active can significantly enhance your well-being and overall health."
62,303,100,42,"Choose foods that nourish your body and soul, and remember that well-being is a journey, not a destination."
62,315,1,3,"Eating a balanced diet and staying active can significantly boost well-being and overall health."
62,316,1,1,"Eating a balanced diet and exercising regularly can significantly boost well-being and overall health."
62,317,1,1,"Eating a balanced diet and staying active can significantly boost well-being and overall health."
62,318,1,1,"Eating a balanced diet and maintaining good physical activity can significantly enhance well-being and overall health."
62,319,1,2,"Eating a balanced diet and maintaining good well-being go hand in hand for a healthier you."
63,303,11,5,"Choose foods that nourish your body and soul, and remember that well-being is a journey, not a destination."
63,319,89,40,"Eating a balanced diet and maintaining good well-being go hand in hand for a healthier you."
63,320,1,1,"Eating a balanced diet and staying active can significantly enhance your well-being and overall health."
63,321,1,1,"Eating a balanced diet and staying active can greatly enhance your well-being and overall health."
63,322,1,1,"Eating a balanced diet and staying active can significantly enhance well-being and overall health."
63,323,1,1,"Eating a balanced diet and staying active can significantly enhance your well-being and overall health."
63,324,1,1,"Eating a balanced diet and staying active can greatly enhance your well-being and overall health."
64,319,8,1,"Eating a balanced diet and maintaining good well-being go hand in hand for a healthier you."
64,320,6,5,"Eating a balanced diet and staying active can significantly enhance your well-being and overall health."
64,322,4,5,"Eating a balanced diet and staying active can significantly enhance well-being and overall health."
64,323,5,2,"Eating a balanced diet and staying active can significantly enhance your well-being and overall health."
64,324,77,31,"Eating a balanced diet and staying active can greatly enhance your well-being and overall health."
64,325,1,1,"Eating a balanced diet and staying hydrated can significantly enhance well-being and overall health."
64,326,1,2,"Eating a balanced diet and exercising regularly can significantly enhance well-being and overall health."
64,327,1,1,"Eating a balanced diet and staying active can greatly enhance your well-being and overall health."
64,328,1,1,"Eating a balanced diet and staying active can significantly boost well-being and overall health."
64,329,1,1,"Eating a balanced diet and staying active can significantly enhance well-being and overall health."
65,324,100,43,"Eating a balanced diet and staying active can greatly enhance your well-being and overall health."
65,330,1,1,"Eating a balanced diet and staying active can greatly enhance well-being and overall health."
65,331,1,2,"Eating a balanced diet and exercising regularly can greatly enhance well-being and overall health."
65,332,1,1,"Choose foods that nourish your body and soul, and enjoy every bite for good health."
65,333,1,2,"Eating a balanced diet and staying active can greatly enhance well-being and overall health."
65,334,1,1,"Eating a balanced diet and exercising regularly can significantly boost well-being and overall health."
66,324,100,44,"Eating a balanced diet and staying active can greatly enhance your well-being and overall health."
66,335,1,1,"Eating a balanced diet and staying active can significantly boost well-being and overall health."
66,336,1,1,"Eating a balanced diet and staying active can significantly boost your well-being and overall health."
66,337,1,1,"Eating a balanced diet and exercising regularly can significantly boost well-being and overall health."
66,338,1,2,"Eating a balanced diet and staying active can greatly enhance your well-being and overall health."
66,339,1,1,"Eating a balanced diet and staying active can significantly enhance well-being and overall health."
67,335,38,24,"Eating a balanced diet and staying active can significantly boost well-being and overall health."
67,336,17,11,"Eating a balanced diet and staying active can significantly boost your well-being and overall health."
67,338,45,8,"Eating a balanced diet and staying active can greatly enhance your well-being and overall health."
67,340,1,2,"Eating a balanced diet and staying active can greatly enhance your well-being and overall health."
67,341,1,1,"Eating a balanced diet and staying active can significantly enhance well-being and overall health."
67,342,1,1,"Eating a balanced diet and exercising regularly can greatly enhance well-being and overall health."
67,343,1,2,"Eating a balanced diet and exercising regularly can significantly enhance well-being and overall health."
67,344,1,1,"Eating a balanced diet and staying active can greatly enhance well-being and overall health."
68,335,8,5,"Eating a balanced diet and staying active can significantly boost well-being and overall health."
68,336,30,17,"Eating a balanced diet and staying active can significantly boost your well-being and overall health."
68,338,12,6,"Eating a balanced diet and staying active can greatly enhance your well-being and overall health."
68,340,29,10,"Eating a balanced diet and staying active can greatly enhance your well-being and overall health."
68,343,21,6,"Eating a balanced diet and exercising regularly can significantly enhance well-being and overall health."
68,345,1,2,"Eating a balanced diet and staying active can significantly boost well-being and overall health."
68,346,1,1,"Eating a balanced diet and exercising regularly can significantly boost well-being and overall health."
68,347,1,1,"Choosing a balanced diet can greatly enhance your well-being and overall health."
68,348,1,1,"Eating a balanced diet and staying active can greatly enhance well-being and overall health."
68,349,1,1,"Eating a balanced diet and staying active can greatly enhance your well-being and overall health."
69,336,100,44,"Eating a balanced diet and staying active can significantly boost your well-being and overall health."
69,350,1,2,"Eating a balanced diet and staying active can significantly boost well-being and overall health."
69,351,1,1,"Eating a balanced diet and maintaining good physical activity can significantly enhance well-being and overall health."
69,352,1,1,"Eating a balanced diet and staying active can significantly enhance your well-being and overall health."
69,353,1,1,"Eating a balanced diet and staying active can significantly boost well-being and overall health."
69,354,1,1,"Eating a balanced diet and staying active can greatly enhance your well-being and overall health."
70,336,3,0,"Eating a balanced diet and staying active can significantly boost your well-being and overall health."
70,350,12,4,"Eating a balanced diet and staying active can significantly boost well-being and overall health."
70,352,10,4,"Eating a balanced diet and staying active can significantly enhance your well-being and overall health."
70,354,75,35,"Eating a balanced diet and staying active can greatly enhance your well-being and overall health."
70,355,1,1,"Eating a balanced diet and exercising regularly can significantly boost well-being and overall health."
70,356,1,1,"Eating a balanced diet and exercising regularly can significantly enhance your well-being and overall health."
70,357,1,1,"Eating a balanced diet and exercising regularly can greatly enhance well-being and overall health."
70,358,1,2,"Eating a balanced diet and exercising regularly can greatly enhance well-being and overall health."
70,359,1,2,"Eating a balanced diet and staying active can significantly enhance your well-being and overall health."
71,354,100,41,"Eating a balanced diet and staying active can greatly enhance your well-being and overall health."
71,360,1,3,"Eating a balanced diet and staying active can greatly enhance well-being and overall health."
71,361,1,2,"Eating a balanced diet and staying active can greatly enhance well-being and overall health."
71,362,1,1,"Eating a balanced diet and staying active can significantly enhance well-being and overall health."
71,363,1,2,"Eating a balanced diet and staying active can greatly enhance your well-being."
71,364,1,1,"Eating a balanced diet and staying hydrated can significantly boost your well-being."
72,354,11,8,"Eating a balanced diet and staying active can greatly enhance your well-being and overall health."
72,362,89,34,"Eating a balanced diet and staying active can significantly enhance well-being and overall health."
72,365,1,3,"Eating a balanced diet and exercising regularly can significantly enhance well-being and overall health."
72,366,1,2,"Eating a balanced diet and staying active can greatly enhance your well-being and overall health."
72,367,1,1,"Eating a balanced diet and staying active can significantly boost well-being and overall health."
72,368,1,1,"Eating a balanced diet and staying active can significantly enhance your well-being and overall health."
72,369,1,1,"Eating a balanced diet and staying active can greatly enhance well-being and overall health."
73,362,100,41,"Eating a balanced diet and staying active can significantly enhance well-being and overall health."
73,370,1,2,"Choose foods that nourish your body and soul, and remember that well-being is a journey, not a destination."
73,371,1,1,"Eating a balanced diet and exercising regularly can greatly enhance well-being and overall health."
73,372,1,3,"Eating a balanced diet and maintaining well-being goes a long way in enjoying life's simpler pleasures."
73,373,1,2,"Eating a balanced diet and staying hydrated can significantly boost your well-being and overall health."
73,374,1,1,"Eating a balanced diet and exercising regularly can greatly enhance well-being and overall health."
74,372,3,1,"Eating a balanced diet and maintaining well-being goes a long way in enjoying life's simpler pleasures."
74,373,97,43,"Eating a balanced diet and staying hydrated can significantly boost your well-being and overall health."
74,375,1,2,"Eating a balanced diet and staying hydrated can significantly boost well-being and overall health."
74,376,1,1,"Choose foods that nourish your body and soul, and enjoy the journey to well-being."
74,377,1,1,"Eating a balanced diet and staying active can significantly enhance your well-being and overall health."
74,378,1,1,"Choosing a balanced diet can significantly boost your well-being and overall health."
74,379,1,1,"Eating a balanced diet and staying active can greatly enhance well-being and overall health."
75,373,100,43,"Eating a balanced diet and staying hydrated can significantly boost your well-being and overall health."
75,380,1,2,"Eating a balanced diet and staying active can significantly enhance well-being and overall health."
75,381,1,1,"Eating a balanced diet and staying active can greatly enhance your well-being and overall health."
75,382,1,2,"Eating a balanced diet and staying active can greatly enhance well-being and overall health."
75,383,1,1,"Eating a balanced diet and staying active can greatly enhance your well-being."
75,384,1,1,"Choose foods that nourish your body and soul, and remember that well-being is a journey, not a destination."
76,373,100,43,"Eating a balanced diet and staying hydrated can significantly boost your well-being and overall health."
76,385,1,2,"Eating a balanced diet and staying active can greatly enhance your well-being."
76,386,1,1,"Eating a balanced diet and staying active can significantly boost well-being and overall health."
76,387,1,1,"Eating a balanced diet and staying hydrated can greatly enhance your well-being."
76,388,1,1,"Eating a balanced diet and exercising regularly can significantly enhance well-being and overall health."
76,389,1,2,"Eating a balanced diet and exercising regularly can significantly boost well-being and overall health."
77,373,100,42,"Eating a balanced diet and staying hydrated can significantly boost your well-being and overall health."
77,390,1,1,"Eating a balanced diet and staying active can significantly boost well-being and overall health."
77,391,1,2,"Choose foods that nourish your body and soul, and remember that true well-being comes from balance and moderation."
77,392,1,1,"Eating a balanced diet and staying active can greatly enhance your well-being and overall health."
77,393,1,1,"Eating a balanced diet and staying active can significantly enhance well-being and overall health."
77,394,1,3,"Eating a balanced diet and staying active can significantly boost well-being and overall health."
78,373,80,32,"Eating a balanced diet and staying hydrated can significantly boost your well-being and overall health."
78,394,20,9,"Eating a balanced diet and staying active can significantly boost well-being and overall health."
78,395,1,2,"Eating a balanced diet and staying active can greatly enhance your well-being and overall health."
78,396,1,1,"Eating a balanced diet and exercising regularly can greatly enhance well-being and overall health."
78,397,1,2,"Eating a balanced diet and staying active can significantly enhance well-being and overall health."
78,398,1,2,"Eating a balanced diet and staying active can significantly boost well-being and overall health."
78,399,1,2,"Eating a balanced diet and exercising regularly can significantly boost well-being and overall health."
79,373,100,41,"Eating a balanced diet and staying hydrated can significantly boost your well-being and overall health."
79,400,1,2,"Eating a balanced diet and staying active can greatly enhance well-being and overall health."
79,401,1,1,"Eating a balanced diet and staying active can significantly enhance your well-being."
79,402,1,3,"Eating a balanced diet and staying active can greatly enhance your well-being and overall health."
79,403,1,1,"Eating a balanced diet and staying active can significantly enhance well-being and overall health."
79,404,1,2,"Eating a balanced diet and staying active can greatly enhance well-being and overall health."
80,373,87,39,"Eating a balanced diet and staying hydrated can significantly boost your well-being and overall health."
80,400,4,2,"Eating a balanced diet and staying active can greatly enhance well-being and overall health."
80,402,8,2,"Eating a balanced diet and staying active can greatly enhance your well-being and overall health."
80,404,1,2,"Eating a balanced diet and staying active can greatly enhance well-being and overall health."
80,405,1,1,"Eating a balanced diet and staying active can significantly boost well-being and overall health."
80,406,1,1,"Eating a balanced diet and staying active can greatly enhance your well-being and overall health."
80,407,1,1,"Eating a balanced diet and exercising regularly can significantly enhance well-being and overall health."
80,408,1,1,"Eating a balanced diet and staying active can greatly enhance well-being and overall health."
80,409,1,1,"Eating a balanced diet and staying active can greatly enhance your well-being and overall health."
81,373,100,43,"Eating a balanced diet and staying hydrated can significantly boost your well-being and overall health."
81,410,1,2,"Eating a balanced diet and staying active can significantly boost well-being and overall health."
81,411,1,2,"Eating a balanced diet and staying active can significantly boost well-being and overall health."
81,412,1,1,"Eating a balanced diet and staying active can significantly enhance well-being and overall health."
81,413,1,1,"Choose foods that nourish your body and soul, and remember that well-being starts with small, consistent choices."
81,414,1,1,"Eating a balanced diet and staying hydrated can greatly enhance your well-being and overall health."
82,373,78,34,"Eating a balanced diet and staying hydrated can significantly boost your well-being and overall health."
82,413,22,10,"Choose foods that nourish your body and soul, and remember that well-being starts with small, consistent choices."
82,415,1,2,"Eating a balanced diet and staying active can greatly enhance your well-being and overall health."
82,416,1,1,"Choosing a balanced diet can greatly enhance your well-being and overall health."
82,417,1,1,"Eating a balanced diet and staying active can greatly enhance your well-being and overall health."
82,418,1,1,"Eating a balanced diet and exercising regularly can greatly enhance your well-being and overall health."
82,419,1,1,"Eating a balanced diet and staying active can significantly enhance well-being and overall health."
83,413,100,43,"Choose foods that nourish your body and soul, and remember that well-being starts with small, consistent choices."
83,420,1,1,"Eating a balanced diet and staying active can greatly enhance well-being and overall health."
83,421,1,1,"Eating a balanced diet and exercising regularly can significantly improve well-being and overall health."
83,422,1,3,"Eating a balanced diet and staying active can significantly enhance well-being and overall health."
83,423,1,1,"Eating a balanced diet and exercising regularly can significantly boost well-being and overall health."
83,424,1,1,"Eating a balanced diet and staying active can significantly boost your well-being and overall health."
84,413,100,44,"Choose foods that nourish your body and soul, and remember that well-being starts with small, consistent choices."
84,425,1,1,"Eating a balanced diet and exercising regularly can significantly boost well-being and overall health."
84,426,1,1,"Eating a balanced diet and staying active can greatly enhance your well-being and overall health."
84,427,1,1,"Eating a balanced diet and staying active can significantly boost well-being and overall health."
84,428,1,2,"Eating a balanced diet and exercising regularly can significantly boost well-being and overall health."
84,429,1,1,"Eating a balanced diet and staying active can significantly enhance well-being and overall health."
85,413,100,42,"Choose foods that nourish your body and soul, and remember that well-being starts with small, consistent choices."
85,430,1,2,"Eating a balanced diet and staying active can significantly enhance well-being and overall health."
85,431,1,1,"Eating a balanced diet and staying active can significantly enhance your well-being."
85,432,1,3,"Eating a balanced diet and staying active can significantly enhance your well-being and overall health."
85,433,1,1,"Eating a balanced diet and staying hydrated can greatly enhance your well-being and overall health."
85,434,1,1,"Eating a balanced diet and exercising regularly can greatly enhance well-being and overall health."
86,413,96,44,"Choose foods that nourish your body and soul, and remember that well-being starts with small, consistent choices."
86,432,4,0,"Eating a balanced diet and staying active can significantly enhance your well-being and overall health."
86,435,1,1,"Eating a balanced diet and maintaining regular exercise can greatly enhance well-being and overall health."
86,436,1,1,"Eating a balanced diet and staying active can significantly boost well-being and overall health."
86,437,1,2,"Eating a balanced diet and staying active can significantly enhance your well-being and overall health."
86,438,1,1,"Eating a balanced diet and exercising regularly can greatly enhance your well-being and overall health."
86,439,1,1,"Eating a balanced diet and maintaining good well-being are essential for a healthy lifestyle."
87,413,17,5,"Choose foods that nourish your body and soul, and remember that well-being starts with small, consistent choices."
87,437,83,37,"Eating a balanced diet and staying active can significantly enhance your well-being and overall health."
87,440,1,1,"Eating a balanced diet and exercising regularly can significantly boost well-being and overall health."
87,441,1,2,"Eating a balanced diet and staying active can greatly enhance your well-being and overall health."
87,442,1,2,"Eating a balanced diet and staying hydrated can greatly enhance your well-being and overall health."
87,443,1,1,"Eating a balanced diet and staying hydrated can significantly boost well-being and overall health."
87,444,1,2,"Eating a balanced diet and staying active can greatly enhance well-being and overall health."
88,437,92,36,"Eating a balanced diet and staying active can significantly enhance your well-being and overall health."
88,444,8,7,"Eating a balanced diet and staying active can greatly enhance well-being and overall health."
88,445,1,1,"Eating a balanced diet and staying active can greatly enhance your well-being and overall health."
88,446,1,2,"Eating a balanced diet and staying active can greatly enhance your well-being and overall health."
88,447,1,2,"Eating a balanced diet and staying active can greatly enhance well-being and overall health."
88,448,1,1,"Eating a balanced diet and staying active can significantly enhance your well-being and overall health."
88,449,1,1,"Eating a balanced diet and exercising regularly can greatly enhance well-being and overall health."
89,437,93,42,"Eating a balanced diet and staying active can significantly enhance your well-being and overall health."
89,447,7,2,"Eating a balanced diet and staying active can greatly enhance well-being and overall health."
89,450,1,1,"Eating a balanced diet and staying active can greatly enhance your well-being and overall health."
89,451,1,1,"Eating a balanced diet and staying active can significantly boost well-being and overall health."
89,452,1,2,"Eating a balanced diet and staying active can greatly enhance well-being and overall health."
89,453,1,1,"Eating a balanced diet and staying active can significantly enhance well-being and overall health."
89,454,1,1,"Eating a balanced diet and staying active can significantly boost well-being and overall health."
90,437,9,4,"Eating a balanced diet and staying active can significantly enhance your well-being and overall health."
90,447,67,34,"Eating a balanced diet and staying active can greatly enhance well-being and overall health."
90,450,4,0,"Eating a balanced diet and staying active can greatly enhance your well-being and overall health."
90,452,20,4,"Eating a balanced diet and staying active can greatly enhance well-being and overall health."
90,455,1,2,"Eating a balanced diet and exercising regularly can significantly boost well-being and overall health."
90,456,1,3,"Eating a balanced diet and exercising regularly can significantly boost well-being and overall health."
90,457,1,1,"Choose fruits over fries for a healthier you."
90,458,1,1,"Eating a balanced diet and staying active can greatly enhance well-being and overall health."
90,459,1,1,"Eating a balanced diet and staying active can significantly enhance well-being and overall health."
91,437,10,4,"Eating a balanced diet and staying active can significantly enhance your well-being and overall health."
91,447,24,10,"Eating a balanced diet and staying active can greatly enhance well-being and overall health."
91,452,2,0,"Eating a balanced diet and staying active can greatly enhance well-being and overall health."
91,455,40,21,"Eating a balanced diet and exercising regularly can significantly boost well-being and overall health."
91,456,24,8,"Eating a balanced diet and exercising regularly can significantly boost well-being and overall health."
91,460,1,2,"Eating a balanced diet and staying active can significantly enhance well-being and overall health."
91,461,1,1,"Eating a balanced diet and staying active can significantly boost well-being and overall health."
91,462,1,2,"Eating a balanced diet and staying active can significantly enhance well-being and overall health."
91,463,1,1,"Eating a balanced diet and staying active can greatly enhance well-being and overall health."
91,464,1,1,"Choosing a balanced diet can significantly boost your well-being and overall health."
92,455,100,44,"Eating a balanced diet and exercising regularly can significantly boost well-being and overall health."
92,465,1,1,"Eating a balanced diet and staying active can greatly enhance well-being and overall health."
92,466,1,1,"Eating a balanced diet and staying active can greatly enhance your well-being and overall health."
92,467,1,1,"Eating a balanced diet and staying active can greatly enhance well-being and overall health."
92,468,1,1,"Eating a balanced diet and staying active can significantly enhance your well-being and overall health."
92,469,1,2,"Eating a balanced diet and staying active can greatly enhance well-being and overall health."
93,465,3,2,"Eating a balanced diet and staying active can greatly enhance well-being and overall health."
93,466,3,2,"Eating a balanced diet and staying active can greatly enhance your well-being and overall health."
93,467,4,0,"Eating a balanced diet and staying active can greatly enhance well-being and overall health."
93,469,90,38,"Eating a balanced diet and staying active can greatly enhance well-being and overall health."
93,470,1,2,"Eating a balanced diet and staying active can significantly improve well-being and overall health."
93,471,1,1,"Eating a balanced diet and staying active can greatly enhance well-being and overall health."
93,472,1,2,"Choosing a balanced diet can greatly enhance your well-being and overall health."
93,473,1,2,"Eating a balanced diet and staying active can greatly enhance well-being and overall health."
93,474,1,1,"Eating a balanced diet and staying active can significantly boost well-being and overall health."
94,469,99,45,"Eating a balanced diet and staying active can greatly enhance well-being and overall health."
94,474,1,0,"Eating a balanced diet and staying active can significantly boost well-being and overall health."
94,475,1,1,"Eating a balanced diet and staying active can greatly enhance well-being and overall health."
94,476,1,1,"Eating a balanced diet and staying active can significantly improve your well-being and overall health."
94,477,1,1,"Eating a balanced diet and exercising regularly can greatly enhance well-being and overall health."
94,478,1,1,"Eating a balanced diet and exercising regularly can significantly boost well-being and overall health."
94,479,1,1,"Eating a balanced diet and exercising regularly can significantly boost well-being and overall health."
95,476,99,41,"Eating a balanced diet and staying active can significantly improve your well-being and overall health."
95,478,1,1,"Eating a balanced diet and exercising regularly can significantly boost well-being and overall health."
95,480,1,2,"Eating a balanced diet and exercising regularly can greatly enhance well-being and overall health."
95,481,1,2,"Eating a balanced diet and staying hydrated can significantly boost well-being and overall health."
95,482,1,1,"Eating a balanced diet and exercising regularly can significantly boost well-being and overall health."
95,483,1,2,"Eating a balanced diet and exercising regularly can significantly enhance well-being and overall health."
95,484,1,1,"Eating a balanced diet and staying active can greatly enhance your well-being and overall health."
96,476,97,39,"Eating a balanced diet and staying active can significantly improve your well-being and overall health."
96,481,1,3,"Eating a balanced diet and staying hydrated can significantly boost well-being and overall health."
96,484,2,0,"Eating a balanced diet and staying active can greatly enhance your well-being and overall health."
96,485,1,2,"Eating a balanced diet and staying active can greatly enhance well-being and overall health."
96,486,1,1,"Eating a balanced diet and staying active can significantly enhance well-being and overall health."
96,487,1,2,"Eating a balanced diet and staying hydrated can significantly boost well-being and overall health."
96,488,1,2,"Eating a balanced diet and maintaining good health can significantly enhance your well-being."
96,489,1,1,"Eating a balanced diet and staying active can significantly boost well-being and overall health."
97,476,91,41,"Eating a balanced diet and staying active can significantly improve your well-being and overall health."
97,485,9,2,"Eating a balanced diet and staying active can greatly enhance well-being and overall health."
97,490,1,1,"Eating a balanced diet and staying active can significantly enhance your well-being and overall health."
97,491,1,3,"Eating a balanced diet and exercising regularly can significantly boost well-being and overall health."
97,492,1,1,"Choosing a balanced diet can significantly boost your well-being and overall health."
97,493,1,1,"Eating a balanced diet and exercising regularly can significantly boost your well-being and overall health."
97,494,1,1,"Eating a balanced diet and staying active can greatly enhance your well-being and overall health."
98,491,100,43,"Eating a balanced diet and exercising regularly can significantly boost well-being and overall health."
98,495,1,1,"Eating a balanced diet and staying active can significantly boost well-being and overall health."
98,496,1,1,"Eating a balanced diet and staying active can greatly enhance well-being and overall health."
98,497,1,3,"Eating a balanced diet and staying active can significantly enhance well-being and overall health."
98,498,1,1,"Eating a balanced diet and staying active can significantly boost well-being and overall health."
98,499,1,1,"Choosing a balanced diet can significantly boost your well-being and overall health."
99,491,51,22,"Eating a balanced diet and exercising regularly can significantly boost well-being and overall health."
99,497,49,18,"Eating a balanced diet and staying active can significantly enhance well-being and overall health."
99,500,1,3,"Choosing a balanced diet can greatly enhance your well-being and overall health."
99,501,1,2,"Choose foods that nourish your body and soul, and remember that true well-being comes from balance and moderation."
99,502,1,2,"Eating a balanced diet and maintaining a good lifestyle can greatly enhance your well-being."
99,503,1,1,"Eating a balanced diet and staying active can significantly enhance your well-being and overall health."
99,504,1,2,"Eating a balanced diet and exercising regularly can greatly enhance your well-being and overall health."
100,497,100,NA,"Eating a balanced diet and staying active can significantly enhance well-being and overall health."
100,505,1,NA,"Eating a balanced diet and staying hydrated can significantly enhance your well-being and overall health."
100,506,1,NA,"Eating a balanced diet and staying hydrated can significantly enhance your well-being and overall health."
100,507,1,NA,"Eating a balanced diet and maintaining good well-being are key to a healthy lifestyle."
100,508,1,NA,"Eating a balanced diet and staying active can significantly boost well-being and overall health."
100,509,1,NA,"Eating a balanced diet and exercising regularly can greatly enhance your well-being and overall health."
