Mutation,Selection,Step,ID,Count,InPrompts,Statement
attractive,random,0,0,10,1,"Incorporating a variety of fruits and vegetables into your meals ensures you receive a spectrum of vitamins and minerals, vital for boosting immunity and enhancing your energy levels, contributing to an overall healthier you."
attractive,random,0,1,10,1,"Regular consumption of whole grains, lean proteins, and healthy fats forms the cornerstone of a nutritionally sound diet, playing a pivotal role in heart health and long-term disease prevention."
attractive,random,0,2,10,1,"Hydration is a key component of a healthy lifestyle; drinking adequate water daily aids in digestion, nutrient absorption, and maintaining a balanced metabolism, which is essential for weight management."
attractive,random,0,3,10,1,"Engaging in mindful eating practices, such as savoring each bite and listening to your body's hunger cues, can significantly improve your relationship with food and support a healthy, balanced lifestyle."
attractive,random,0,4,10,1,"Incorporating moderate, regular physical activity alongside a diet rich in vegetables, fruits, and whole grains can dramatically improve your physical and mental health, leading to a more active and fulfilling life."
attractive,random,0,5,10,1,"Limiting processed foods and sugars while prioritizing fresh, whole ingredients can lead to improved mental clarity, better sleep patterns, and an overall enhancement in life quality."
attractive,random,0,6,10,1,"Understanding the nutritional content of your meals, including macronutrient ratios and calorie density, is crucial for making informed food choices that support a healthy and balanced diet."
attractive,random,0,7,10,1,"Innovating in the kitchen by experimenting with international cuisines can introduce a variety of healthy and flavorful ingredients into your diet, making healthy eating a delightful experience."
attractive,random,0,8,10,1,"Focusing on portion control is as important as food quality; eating in moderation ensures you get the necessary nutrients without excess calories, aiding in effective weight management."
attractive,random,0,9,10,1,"Embracing a plant-based diet, rich in legumes, nuts, seeds, and whole grains, can provide substantial health benefits, including lowered risk of chronic diseases and improved digestion and metabolism."
attractive,random,1,0,35,17,"Incorporating a variety of fruits and vegetables into your meals ensures you receive a spectrum of vitamins and minerals, vital for boosting immunity and enhancing your energy levels, contributing to an overall healthier you."
attractive,random,1,3,21,12,"Engaging in mindful eating practices, such as savoring each bite and listening to your body's hunger cues, can significantly improve your relationship with food and support a healthy, balanced lifestyle."
attractive,random,1,4,31,10,"Incorporating moderate, regular physical activity alongside a diet rich in vegetables, fruits, and whole grains can dramatically improve your physical and mental health, leading to a more active and fulfilling life."
attractive,random,1,5,4,2,"Limiting processed foods and sugars while prioritizing fresh, whole ingredients can lead to improved mental clarity, better sleep patterns, and an overall enhancement in life quality."
attractive,random,1,6,3,2,"Understanding the nutritional content of your meals, including macronutrient ratios and calorie density, is crucial for making informed food choices that support a healthy and balanced diet."
attractive,random,1,7,6,1,"Innovating in the kitchen by experimenting with international cuisines can introduce a variety of healthy and flavorful ingredients into your diet, making healthy eating a delightful experience."
attractive,random,1,10,1,2,"Elevate your well-being with a colorful plate of fruits and veggies, boosting immunity and energizing your body. Join the vibrant journey to better health today!"
attractive,random,1,11,1,1,"Stay hydrated for optimal well-being! Drinking enough water helps digestion, nutrient absorption, and balances metabolism—key for healthy weight management. #StayHealthy #HydrationMatters"
attractive,random,1,12,1,1,"Eating whole grains, lean proteins, and healthy fats is like hitting the wellness jackpot! It fuels your body for optimal health and longevity. #HealthyEats #WellBeingWin"
attractive,random,1,13,1,1,"Explore new flavors and boost your well-being with international cuisines! Discover healthy ingredients that make eating a joyous experience."
attractive,random,1,14,1,1,"Elevate your well-being with a diet rich in legumes, nuts, seeds, and whole grains. Boost your health and digestion while reducing the risk of chronic diseases.🌍💚💪📅vore.com"
attractive,random,2,0,78,36,"Incorporating a variety of fruits and vegetables into your meals ensures you receive a spectrum of vitamins and minerals, vital for boosting immunity and enhancing your energy levels, contributing to an overall healthier you."
attractive,random,2,3,13,5,"Engaging in mindful eating practices, such as savoring each bite and listening to your body's hunger cues, can significantly improve your relationship with food and support a healthy, balanced lifestyle."
attractive,random,2,4,9,2,"Incorporating moderate, regular physical activity alongside a diet rich in vegetables, fruits, and whole grains can dramatically improve your physical and mental health, leading to a more active and fulfilling life."
attractive,random,2,15,1,2,"Elevate your health with a colorful plate: Mix in a rainbow of fruits and veggies for a boost of vitamins and minerals. Transform your energy and immunity with every meal! #HealthyLiving #WellnessWednesday #NutritionJunkie"
attractive,random,2,16,1,1,"Elevate your well-being with a plant-strong diet featuring legumes, nuts, seeds, and whole grains. Boost health & digestion; reduce chronic disease risks. 🌍🌱💪"
attractive,random,2,17,1,1,"Embrace mindful eating to enhance your well-being, savor each bite, and listen to your body. This simple practice supports a balanced lifestyle and promotes healthier dietary choices. Join the transformation today!"
attractive,random,2,18,1,2,"Elevate your well-being with a colorful plate of fruits and veggies. Boost immunity and energize every cell—transform your health today!"
attractive,random,2,19,1,1,"Elevate your health with a colorful plate of fruits and veggies. Join the vibrant journey to better well-being today! 🍎🥗💪儿康康版"
attractive,random,3,0,85,42,"Incorporating a variety of fruits and vegetables into your meals ensures you receive a spectrum of vitamins and minerals, vital for boosting immunity and enhancing your energy levels, contributing to an overall healthier you."
attractive,random,3,3,15,2,"Engaging in mindful eating practices, such as savoring each bite and listening to your body's hunger cues, can significantly improve your relationship with food and support a healthy, balanced lifestyle."
attractive,random,3,20,1,1,"Elevate your health with a colorful plate of fruits and veggies, boosting immunity and energy. Join us for a vibrant journey to wellness! 🍉 beğen[sizeof(33)]"
attractive,random,3,21,1,1,"Elevate your wellness with a colorful plate of fruits and veggies. Boost energy and immunity—nature's simple way to a healthier you! 🍃🍎✨"
attractive,random,3,22,1,2,"Elevate your health with a colorful diet: fruits and veggies deliver vitamins, boost immunity, and energize you. Join the healthier you today! 🍉🍎💪"
attractive,random,3,23,1,1,"Elevate your health with a colorful plate of fruits and veggies—nature's perfect blend for immunity and energy. Join the wellness revolution today! 🍉🥕🌈"
attractive,random,3,24,1,1,"Elevate your well-being with a colorful plate of fruits and veggies. Boost immunity and energize your body with each meal! Join the vibrant journey to better health today!"
attractive,random,4,0,2,1,"Incorporating a variety of fruits and vegetables into your meals ensures you receive a spectrum of vitamins and minerals, vital for boosting immunity and enhancing your energy levels, contributing to an overall healthier you."
attractive,random,4,3,1,0,"Engaging in mindful eating practices, such as savoring each bite and listening to your body's hunger cues, can significantly improve your relationship with food and support a healthy, balanced lifestyle."
attractive,random,4,20,10,9,"Elevate your health with a colorful plate of fruits and veggies, boosting immunity and energy. Join us for a vibrant journey to wellness! 🍉 beğen[sizeof(33)]"
attractive,random,4,22,85,29,"Elevate your health with a colorful diet: fruits and veggies deliver vitamins, boost immunity, and energize you. Join the healthier you today! 🍉🍎💪"
attractive,random,4,23,2,2,"Elevate your health with a colorful plate of fruits and veggies—nature's perfect blend for immunity and energy. Join the wellness revolution today! 🍉🥕🌈"
attractive,random,4,25,1,1,"Elevate your health with a colorful plate of fruits and veggies! Boost immunity and energize your body with a spectrum of nutrients. Join the healthy revolution today!"
attractive,random,4,26,1,2,"Elevate your well-being with vibrant colors: fruits and veggies boost immunity, energize, and deliver vitamins. Join the healthier you today! 🍉🍎💪"
attractive,random,4,27,1,2,"Elevate your well-being with a vibrant plate of fruits & veggies. Boost energy, immunity—nature's simple path to healthier you! 🍓🥕✨"
attractive,random,4,28,1,2,"Elevate your well-being with a vibrant mix of fruits and veggies in your meals. Boost immunity and energy effortlessly! Join the healthier you today!"
attractive,random,4,29,1,2,"Elevate your well-being with a colorful plate of fruits and veggies! Boost immunity and surge energy with every meal. Join the vibrant journey to a healthier you today!"
attractive,random,5,22,91,42,"Elevate your health with a colorful diet: fruits and veggies deliver vitamins, boost immunity, and energize you. Join the healthier you today! 🍉🍎💪"
attractive,random,5,23,9,3,"Elevate your health with a colorful plate of fruits and veggies—nature's perfect blend for immunity and energy. Join the wellness revolution today! 🍉🥕🌈"
attractive,random,5,30,1,1,"Elevate your well-being with vibrant colors! Dive into a world of fruits and veggies for immunity, energy, and essential vitamins. Join the healthier you today! 🍉🍎💪"
attractive,random,5,31,1,1,"Elevate your well-being with a vibrant plate of colorful fruits and veggies. Join us for a journey to optimal health! 🍉✨"
attractive,random,5,32,1,1,"Elevate your well-being with a colorful diet: fruits and veggies boost immunity, energy, and vitamins. Join the healthier you today! 🍉🍎💪"
attractive,random,5,33,1,1,"Elevate your well-being with vibrant colors: fruits and veggies boost immunity, energize, and deliver vitamins. Join the healthier you today! 🍉🍎💪"
attractive,random,5,34,1,1,"Elevate your health with vibrant colors: fruits and veggies boost immunity, energize, and deliver vitamins. Join us for a healthier you today! 🍉🍎💪"
attractive,random,6,22,8,2,"Elevate your health with a colorful diet: fruits and veggies deliver vitamins, boost immunity, and energize you. Join the healthier you today! 🍉🍎💪"
attractive,random,6,23,92,41,"Elevate your health with a colorful plate of fruits and veggies—nature's perfect blend for immunity and energy. Join the wellness revolution today! 🍉🥕🌈"
attractive,random,6,35,1,1,"Fuel your body with vibrant colors—fruits and veggies for optimal health and energy. Join the wellness revolution now! 🌈🍎💪"
attractive,random,6,36,1,1,"Elevate your well-being with vibrant colors: fruits and veggies boost immunity and energize you. Join the healthier you today! 🍉🍎💪"
attractive,random,6,37,1,1,"Elevate your well-being with vibrant colors: fruits and veggies boost immunity, energize, and deliver vitamins. Join us for a healthier you! 🍉🍎💪"
attractive,random,6,38,1,2,"Elevate your well-being with vibrant colors: fruits and veggies boost immunity, energize, and deliver vitamins. Join us for a healthier you today! 🍉🍎💪"
attractive,random,6,39,1,2,"Elevate your well-being with vibrant colors: fruits and veggies boost immunity, energize, and deliver vitamins. Join the healthier you today! 🍉🍎💪"
attractive,random,7,23,100,43,"Elevate your health with a colorful plate of fruits and veggies—nature's perfect blend for immunity and energy. Join the wellness revolution today! 🍉🥕🌈"
attractive,random,7,40,1,2,"Elevate your health with a vibrant plate of fruits and veggies! Join the wellness revolution today! 🍉🍎🌈nych"
attractive,random,7,41,1,1,"Elevate your well-being with a vibrant plate of fresh fruits and veggies. Join the wellness revolution today! 🍉🍎🌈"
attractive,random,7,42,1,1,"Elevate your well-being with a vibrant plate of fruits and veggies! Join the wellness revolution today! 🍉🥕🌈esz"
attractive,random,7,43,1,2,"Elevate your health with a vibrant plate of fruits and veggies! Join the wellness revolution today! 🍉🥕🌈zet"
attractive,random,7,44,1,1,"Elevate your well-being with a vibrant plate of fruits and veggies. Join the wellness revolution now! 🌟🥗🌈"
attractive,random,8,23,99,43,"Elevate your health with a colorful plate of fruits and veggies—nature's perfect blend for immunity and energy. Join the wellness revolution today! 🍉🥕🌈"
attractive,random,8,43,1,1,"Elevate your health with a vibrant plate of fruits and veggies! Join the wellness revolution today! 🍉🥕🌈zet"
attractive,random,8,45,1,1,"Elevate your well-being with a colorful plate of fruits and veggies. Join the wellness revolution today! 🍉🥕🌈"
attractive,random,8,46,1,1,"Elevate your well-being with a colorful plate of fresh fruits and veggies. Join the wellness revolution now! 🍉🍎🌈"
attractive,random,8,47,1,1,"Elevate your wellbeing with a vibrant plate of fruits and veggies! Join the wellness revolution today! 🍉🥕🌈✨"
attractive,random,8,48,1,2,"Boost your vitality with a vibrant plate of fruits and veggies! Join the wellness revolution today! 🍉🥕🌈🥗"
attractive,random,8,49,1,1,"Fuel your body with vibrant colors—fruits and veggies for optimal health and energy. Join the wellness revolution now! 🍉🥕🌈"
attractive,random,9,23,58,22,"Elevate your health with a colorful plate of fruits and veggies—nature's perfect blend for immunity and energy. Join the wellness revolution today! 🍉🥕🌈"
attractive,random,9,43,11,5,"Elevate your health with a vibrant plate of fruits and veggies! Join the wellness revolution today! 🍉🥕🌈zet"
attractive,random,9,46,8,6,"Elevate your well-being with a colorful plate of fresh fruits and veggies. Join the wellness revolution now! 🍉🍎🌈"
attractive,random,9,48,23,8,"Boost your vitality with a vibrant plate of fruits and veggies! Join the wellness revolution today! 🍉🥕🌈🥗"
attractive,random,9,50,1,2,"Elevate your well-being with a vibrant plate of fruits and veggies. Join the wellness revolution today! 🌈🍎🥦"
attractive,random,9,51,1,3,"Elevate your well-being with a vibrant plate of nature's superfoods—perfect for energy and immunity. Join the wellness revolution now! 🌟🍎🥦"
attractive,random,9,52,1,1,"Elevate your well-being with a vibrant plate of fresh fruits and veggies. Join the wellness revolution today! 🍓🍇🍎🥦🌈"
attractive,random,9,53,1,2,"Fuel your body with vibrant colors—fresh fruits and veggies for a boost in energy and immunity. Join the wellness revolution now! 🍉🍎🥗🔍"
attractive,random,9,54,1,1,"Elevate your well-being with a vibrant plate of fruits and veggies. Join the wellness revolution today! 🍉🍎💪LY
attractive,random,
attractive,random,(163 characters)"
attractive,random,10,46,7,7,"Elevate your well-being with a colorful plate of fresh fruits and veggies. Join the wellness revolution now! 🍉🍎🌈"
attractive,random,10,48,93,34,"Boost your vitality with a vibrant plate of fruits and veggies! Join the wellness revolution today! 🍉🥕🌈🥗"
attractive,random,10,55,1,2,"Elevate your well-being with a vibrant plate of fruits and veggies! Join the wellness revolution now! 🍊🌱🌈"
attractive,random,10,56,1,3,"Elevate your well-being with a vibrant plate of fruits and veggies. Join the wellness revolution today! 🍉🍎🍇🥦🔥"
attractive,random,10,57,1,2,"Elevate your well-being with nature's superfoods: fresh fruits and veggies for vibrant energy and a strong immune system. Join the wellness revolution today! 🌟🍎🥦"
attractive,random,10,58,1,1,"Elevate your well-being with a colorful plate of fresh fruits and veggies. Join the wellness revolution now! 🍉🍎💪LY"
attractive,random,10,59,1,1,"Elevate your wellbeing with a vibrant plate of nature's superfoods! Join the wellness revolution now! 🍉🍎🥦🌈"
attractive,random,11,46,60,30,"Elevate your well-being with a colorful plate of fresh fruits and veggies. Join the wellness revolution now! 🍉🍎🌈"
attractive,random,11,48,40,13,"Boost your vitality with a vibrant plate of fruits and veggies! Join the wellness revolution today! 🍉🥕🌈🥗"
attractive,random,11,60,1,1,"Elevate your well-being with a colorful plate of fresh fruits and veggies! Transform your health today! 🍉🥕🌈🥗"
attractive,random,11,61,1,1,"Elevate your well-being with a vibrant plate of fresh fruits and veggies. Join the wellness revolution today! 🍉🍎💪LY"
attractive,random,11,62,1,1,"Elevate your well-being with a vibrant plate of fresh fruits and veggies. Join the wellness revolution today! 🍉🍎🌈nych"
attractive,random,11,63,1,2,"Elevate your well-being with a colorful plate of fresh fruits and veggies! Join the health revolution now! 🍉🥕🌈🥗"
attractive,random,11,64,1,2,"Elevate your well-being with a colorful plate of fresh fruits and veggies! Join the wellness revolution now! 🍋🥕🌈🥗"
attractive,random,12,46,98,41,"Elevate your well-being with a colorful plate of fresh fruits and veggies. Join the wellness revolution now! 🍉🍎🌈"
attractive,random,12,48,2,0,"Boost your vitality with a vibrant plate of fruits and veggies! Join the wellness revolution today! 🍉🥕🌈🥗"
attractive,random,12,65,1,1,"Elevate your well-being with a vibrant plate of fresh fruits and veggies. Join the wellness revolution now! 🍉🍎🌈"
attractive,random,12,66,1,1,"Elevate your well-being with a vibrant plate of fresh fruits and veggies. Join the wellness revolution today! 🍉🍎🌈nych"
attractive,random,12,67,1,1,"Elevate your well-being with a vibrant plate of fresh fruits and veggies. Join the wellness revolution today! 🍉🍎🌈nych"
attractive,random,12,68,1,3,"Elevate your health with a colorful plate of fresh fruits and veggies! Join the wellness revolution now! 🍉🥕🌈🥗"
attractive,random,12,69,1,3,"Elevate your health with a burst of color in your plate! Dive into the wellness revolution today with fresh fruits and veggies! 🍉🥕🌈🥗"
attractive,random,13,46,100,41,"Elevate your well-being with a colorful plate of fresh fruits and veggies. Join the wellness revolution now! 🍉🍎🌈"
attractive,random,13,70,1,1," Dive into a vibrant journey to better health with a rainbow of fresh fruits and veggies! 🍉🍎🌈 Join the wellness revolution today! 💚🔗 #Wellness #HealthyEating #VibrantHealth"
attractive,random,13,71,1,2,"Elevate your well-being with a vibrant plate of fresh fruits and veggies! Join the wellness revolution now! 🌟🍎🍉🌈"
attractive,random,13,72,1,1,"Elevate your well-being with a vibrant plate of fresh fruits and veggies. Join the wellness revolution today! 🍉🍎🌈nych"
attractive,random,13,73,1,1,"Elevate your health with vibrant colors in your plate! Dive into the wellness revolution today with fresh fruits and veggies! 🍉🥕🌈🥗"
attractive,random,13,74,1,4,"Elevate your well-being with a vibrant plate of fresh fruits and veggies! Join the wellness revolution today! 🍉🥕🌈🥗✨"
attractive,random,14,46,100,45,"Elevate your well-being with a colorful plate of fresh fruits and veggies. Join the wellness revolution now! 🍉🍎🌈"
attractive,random,14,75,1,1,"Elevate your well-being with a vibrant plate of fresh fruits and veggies. Join the wellness revolution now! 🍉🍎🌈nych"
attractive,random,14,76,1,1,"Elevate your well-being with a vibrant plate of fresh fruits and veggies! Join the wellness revolution now! 🍉🍎🌈🥗"
attractive,random,14,77,1,1,"Elevate your well-being with a vibrant plate of fresh fruits and veggies. Join the wellness revolution today! 🍓 beğeniyor musun?"
attractive,random,14,78,1,1," Elevate your wellbeing with a vibrant plate of fresh fruits and veggies. Join the wellness revolution today! 🍉🍎🌈nych"
attractive,random,14,79,1,1,"Elevate your well-being with a vibrant plate of fresh fruits and veggies. Join the wellness revolution today! 🍉🍎🌈nych"
attractive,random,15,46,93,39,"Elevate your well-being with a colorful plate of fresh fruits and veggies. Join the wellness revolution now! 🍉🍎🌈"
attractive,random,15,75,6,4,"Elevate your well-being with a vibrant plate of fresh fruits and veggies. Join the wellness revolution now! 🍉🍎🌈nych"
attractive,random,15,76,1,0,"Elevate your well-being with a vibrant plate of fresh fruits and veggies! Join the wellness revolution now! 🍉🍎🌈🥗"
attractive,random,15,80,1,1,"Elevate your well-being with a vibrant plate of fresh fruits and veggies. Join the wellness revolution now! 🍉🍎🌈"
attractive,random,15,81,1,1,"Elevate your well-being with a vibrant plate of fresh fruits and veggies. Join the wellness revolution today! 🍉🍎🌈nych"
attractive,random,15,82,1,2,"Elevate your well-being with vibrant colors: a plate of fresh fruits and veggies. Join the wellness revolution now! 🍉🍎🌈🥗"
attractive,random,15,83,1,2,"Elevate your well-being with a colorful plate of fresh fruits and veggies. Join the wellness revolution now! 🍉🍎🌈nych"
attractive,random,15,84,1,1,"Elevate your well-being with a colorful plate of fresh fruits and veggies. Join the wellness revolution now! 🍓🍎🥗"
attractive,random,16,46,100,45,"Elevate your well-being with a colorful plate of fresh fruits and veggies. Join the wellness revolution now! 🍉🍎🌈"
attractive,random,16,85,1,1,"Elevate your well-being with a colorful plate of fresh fruits and veggies. Join the wellness revolution now! 🌟🍎greens 😊"
attractive,random,16,86,1,1,"Elevate your well-being with a vibrant plate of fresh fruits and veggies! Join the wellness revolution now! 🌟🍎🍉🥗"
attractive,random,16,87,1,1,"Elevate your well-being with a vibrant plate of fresh fruits and veggies! Join the wellness revolution now! 🍉🍎🌈nych"
attractive,random,16,88,1,1,"Elevate your well-being with a vibrant plate of fresh fruits and veggies. Join the wellness revolution today! 🍉🍎🌈nych"
attractive,random,16,89,1,1,"Elevate your well-being with a colorful plate of fresh fruits and veggies. Join the wellness revolution today! 🍉🍎🌈nych"
attractive,random,17,46,99,41,"Elevate your well-being with a colorful plate of fresh fruits and veggies. Join the wellness revolution now! 🍉🍎🌈"
attractive,random,17,85,1,0,"Elevate your well-being with a colorful plate of fresh fruits and veggies. Join the wellness revolution now! 🌟🍎greens 😊"
attractive,random,17,90,1,2,"Elevate your well-being with a vibrant plate of fresh fruits and veggies. Join the wellness revolution today! 🍉🍎🌈nych"
attractive,random,17,91,1,2,"Elevate your well-being with a vibrant plate of fresh fruits and veggies! Join the wellness revolution now! 🍉🍎🌈🥗"
attractive,random,17,92,1,1,"Elevate your well-being with a vibrant plate of fresh fruits and veggies! Join the wellness revolution now! 🍉🍎🌈🥗"
attractive,random,17,93,1,2,"Elevate your well-being with a vibrant plate of fresh fruits and veggies. Join the wellness revolution now! 🍓-Headers- Kale- Cherry Tomatoes 🌈✨"
attractive,random,17,94,1,2,"Elevate your well-being with a vibrant plate of fresh fruits and veggies. Join the wellness revolution today! 🍉🍎🌈"
attractive,random,18,46,100,42,"Elevate your well-being with a colorful plate of fresh fruits and veggies. Join the wellness revolution now! 🍉🍎🌈"
attractive,random,18,95,1,2,"Elevate your well-being with a colorful plate of fresh fruits and veggies! Join the wellness revolution now! 🍉🍎🥗🌈"
attractive,random,18,96,1,2,"Elevate your well-being with a vibrant plate of fresh fruits and veggies! Join the wellness revolution now! 🍉🍎🌈🥗"
attractive,random,18,97,1,1,"Elevate your well-being with a vibrant plate of fresh fruits and veggies. Join the wellness revolution today! 🍉🍎🌈"
attractive,random,18,98,1,1," Elevate your well-being with a vibrant plate of fresh fruits and veggies. Join the wellness revolution today! 🍓🍎🥗✨"
attractive,random,18,99,1,2,"Elevate your well-being with a vibrant plate of fresh fruits and veggies. Join the wellness revolution today! 🍉🍎🌈🥗"
attractive,random,19,46,100,45,"Elevate your well-being with a colorful plate of fresh fruits and veggies. Join the wellness revolution now! 🍉🍎🌈"
attractive,random,19,100,1,1,"Elevate your well-being with a vibrant plate of fresh fruits and veggies. Join the wellness revolution now! 🍉🍎🌈🥗"
attractive,random,19,101,1,1,"Elevate your well-being with a vibrant plate of fresh fruits and veggies. Join the wellness revolution today! 🍉🍎🌈nych"
attractive,random,19,102,1,1,"Elevate your well-being with a vibrant plate of fresh fruits and veggies. Join the wellness revolution today! 🍉🍎🌈🥗"
attractive,random,19,103,1,1,"Elevate your well-being with a vibrant plate of fresh fruits and veggies! 🍓🍎🥗✨ Join the wellness revolution now!"
attractive,random,19,104,1,1,"Elevate your well-being with a vibrant plate of fresh fruits and veggies. Join the wellness revolution now! 🍉🍎🌈🥗"
attractive,random,20,46,97,41,"Elevate your well-being with a colorful plate of fresh fruits and veggies. Join the wellness revolution now! 🍉🍎🌈"
attractive,random,20,102,3,2,"Elevate your well-being with a vibrant plate of fresh fruits and veggies. Join the wellness revolution today! 🍉🍎🌈🥗"
attractive,random,20,105,1,1,"Transform your well-being with a vibrant plate of fresh fruits and veggies today! 🍉🍎🌈 Join the wellness revolution now!"
attractive,random,20,106,1,2,"Elevate your well-being with a vibrant plate of fresh fruits and veggies. Join the wellness revolution today! 🍉🍎🌈 #HealthyLiving #WellnessJourney"
attractive,random,20,107,1,2,"Elevate your well-being with a vibrant plate of fresh fruits and veggies. Join the wellness revolution today! 🍉🍎🌈"
attractive,random,20,108,1,1,"Elevate your well-being with a colorful plate of fresh fruits and veggies! 🍓🍎🥗✨ Join the wellness revolution now! 💪"
attractive,random,20,109,1,1,"Elevate your well-being with a colorful plate of fresh fruits and veggies. Join the wellness revolution today! 🍉🍎🌈"
attractive,random,21,46,100,44,"Elevate your well-being with a colorful plate of fresh fruits and veggies. Join the wellness revolution now! 🍉🍎🌈"
attractive,random,21,110,1,2,"Elevate your well-being with a vibrant plate of fresh fruits and veggies. Join the wellness revolution today! 🍉🍎🌈nych"
attractive,random,21,111,1,1,"Elevate your well-being with a vibrant plate of fresh fruits and veggies. Join the wellness revolution today! 🍉🍎🌈 #HealthyEating #WellnessJourney #VeggieLove"
attractive,random,21,112,1,1,"Elevate your well-being with a vibrant plate of fresh fruits and veggies. Join the wellness revolution today! 🍉🍎🌈"
attractive,random,21,113,1,1,"Elevate your well-being with a vibrant plate of fresh fruits and veggies. Join the wellness revolution today! 🍉🍎🌈nych"
attractive,random,21,114,1,1,"Elevate your well-being with a vibrant plate of fresh fruits and veggies. Join the wellness revolution today! 🍉🍎🌈nych"
attractive,random,22,46,100,43,"Elevate your well-being with a colorful plate of fresh fruits and veggies. Join the wellness revolution now! 🍉🍎🌈"
attractive,random,22,115,1,1,"Elevate your well-being with a vibrant plate of fresh fruits and veggies. Join the wellness revolution today! 🍉🍎🌈"
attractive,random,22,116,1,2,"Elevate your well-being with a vibrant plate of fresh fruits and veggies! Join the wellness revolution now! 🍉🍎🌈🥗"
attractive,random,22,117,1,1,"Elevate your well-being with a vibrant plate of fresh fruits and veggies. Join the wellness revolution today! 🍉🍎🌈✨"
attractive,random,22,118,1,1,"Elevate your well-being with a vibrant plate of fresh fruits and veggies. Join the wellness revolution today! 🍉🍎🌈nych"
attractive,random,22,119,1,2,"Elevate your well-being with a vibrant plate of fresh fruits and veggies. Join the wellness revolution today! 🍉🍎🌈nych"
attractive,random,23,46,100,44,"Elevate your well-being with a colorful plate of fresh fruits and veggies. Join the wellness revolution now! 🍉🍎🌈"
attractive,random,23,120,1,1,"Elevate your well-being with a vibrant plate of fresh fruits and veggies. Join the wellness revolution now! 🍉🍎🌈🥗"
attractive,random,23,121,1,1,"Elevate your well-being with a colorful plate of fresh fruits and veggies today! 🍉🍎🌈nych"
attractive,random,23,122,1,1,"Elevate your well-being with a vibrant plate of fresh fruits and veggies. Join the wellness revolution today! 🍓🍎🌈nych"
attractive,random,23,123,1,2,"Elevate your well-being with a vibrant plate of fresh fruits and veggies. Join the wellness revolution today! 🍉🍎🌈"
attractive,random,23,124,1,1,"Elevate your well-being with a vibrant plate of fresh fruits and veggies. Join the wellness revolution today! 🍉🍎🌈"
attractive,random,24,46,100,43,"Elevate your well-being with a colorful plate of fresh fruits and veggies. Join the wellness revolution now! 🍉🍎🌈"
attractive,random,24,125,1,2,"Elevate your well-being with a vibrant plate of fresh fruits and veggies. Join the wellness revolution today! 🍉🍎🌈 #WellnessWednesday"
attractive,random,24,126,1,2,"Elevate your well-being with vibrant colors and fresh fruits & veggies. Join the wellness revolution today! 🍉🍎🌈nych"
attractive,random,24,127,1,1,"Elevate your well-being with a vibrant plate of fresh fruits and veggies. Join the wellness revolution today! 🍉🍎🌈nych"
attractive,random,24,128,1,1,"Elevate your well-being with a vibrant plate of fresh fruits and veggies! Join the wellness revolution now! 🍉🍎🌈"
attractive,random,24,129,1,1,"Transform your life with a colorful plate of fresh fruits and veggies. Join the wellness revolution today! 🍉🍎🌈🥗🎉"
attractive,random,25,46,100,42,"Elevate your well-being with a colorful plate of fresh fruits and veggies. Join the wellness revolution now! 🍉🍎🌈"
attractive,random,25,130,1,1,"Elevate your well-being with a vibrant plate of fresh fruits and veggies. Join the wellness revolution now! 🍉🍎🌈"
attractive,random,25,131,1,2,"Elevate your well-being with a vibrant plate of fresh fruits and veggies. Join the wellness revolution today! 🍉🍎🌈nych"
attractive,random,25,132,1,2,"Freshen up your life with a vibrant plate of colorful fruits and veggies 🍉🍎🌈. Join the wellness revolution today! 💚🚀"
attractive,random,25,133,1,1,"Freshen up your day with a vibrant plate of colorful fruits and veggies. Join the wellness revolution now! 🍉🍎🌈🥗"
attractive,random,25,134,1,2,"Elevate your well-being with a colorful plate of fresh fruits and veggies! Join the wellness revolution today! 🍉🍎🌈"
attractive,random,26,46,100,43,"Elevate your well-being with a colorful plate of fresh fruits and veggies. Join the wellness revolution now! 🍉🍎🌈"
attractive,random,26,135,1,2,"Elevate your well-being with a vibrant plate of fresh fruits and veggies. Join the wellness revolution today! 🍉🍎🌈"
attractive,random,26,136,1,1,"Elevate your well-being with a vibrant plate of fresh fruits and veggies. Join the wellness revolution today! 🍉🍎🌈"
attractive,random,26,137,1,1,"Elevate your well-being with a vibrant plate of fresh fruits and veggies. Join the wellness revolution today! 🍉🍎🌈"
attractive,random,26,138,1,2,"Elevate your well-being with a vibrant plate of fresh fruits and veggies. Join the wellness revolution now! 🍉🍎🌈zet"
attractive,random,26,139,1,1,"Elevate your well-being with a vibrant plate of fresh fruits and veggies! Join the wellness revolution today! 🍋🍎🌈"
attractive,random,27,46,100,43,"Elevate your well-being with a colorful plate of fresh fruits and veggies. Join the wellness revolution now! 🍉🍎🌈"
attractive,random,27,140,1,2,"Elevate your well-being with a vibrant plate of fresh fruits and veggies. Join the wellness revolution now! 🍉🍎🌈"
attractive,random,27,141,1,1,"Elevate your well-being with a vibrant plate of fresh fruits and veggies! Join the wellness revolution today! 🍉🍎🌈nych"
attractive,random,27,142,1,1,"Elevate your well-being with a vibrant plate of fresh fruits and veggies. Join the wellness revolution today! 🍉🍎🌈🥗"
attractive,random,27,143,1,1,"Elevate your well-being with a vibrant plate of fresh fruits and veggies. Join the wellness revolution now! 🍉🍎🌈 #WellnessJourney #HealthyEating #VibrantLife"
attractive,random,27,144,1,2,"Elevate your well-being with a vibrant plate of fresh fruits and veggies. Join the wellness revolution now! 🍉🍎🌈🥗"
attractive,random,28,46,100,43,"Elevate your well-being with a colorful plate of fresh fruits and veggies. Join the wellness revolution now! 🍉🍎🌈"
attractive,random,28,145,1,2,"Elevate your well-being with a vibrant plate of fresh fruits and veggies. Join the wellness revolution today! 🍉🍎🌈"
attractive,random,28,146,1,1,"Elevate your well-being with vibrant colors and fresh fruits & veggies. Join the wellness revolution today! 🍉🍎🌈nych"
attractive,random,28,147,1,1,"Elevate your well-being with a vibrant plate of fresh fruits and veggies. Join the wellness revolution today! 🍉🍎🌈nych"
attractive,random,28,148,1,1,"Elevate your well-being with a vibrant plate of fresh fruits and veggies. Join the wellness revolution today! 🍉🍎🌈 #HealthyEating #WellnessJourney"
attractive,random,28,149,1,2,"Elevate your well-being with a vibrant plate of fresh fruits and veggies. Join the wellness revolution now! 🍉🍎🌈🥗"
attractive,random,29,46,100,43,"Elevate your well-being with a colorful plate of fresh fruits and veggies. Join the wellness revolution now! 🍉🍎🌈"
attractive,random,29,150,1,1,"Elevate your well-being with vibrant colors and fresh fruits & veggies. Join the wellness revolution today! 🍉🍎🌈nych"
attractive,random,29,151,1,1,"Elevate your well-being with a vibrant plate of fresh fruits and veggies. Join the wellness revolution now! 🍉🍎🌈"
attractive,random,29,152,1,1,"Elevate your well-being with a vibrant plate of fresh fruits and veggies. Join the wellness revolution today! 🌟🍎🍏🌈"
attractive,random,29,153,1,3,"Elevate your well-being with a vibrant plate of fresh fruits and veggies! Join the wellness revolution today! 🍉🍎🌈nych"
attractive,random,29,154,1,1,"Elevate your well-being with a vibrant plate of fresh fruits and veggies. Join the wellness revolution now! 🍉🍎🌈🥗"
attractive,random,30,46,100,45,"Elevate your well-being with a colorful plate of fresh fruits and veggies. Join the wellness revolution now! 🍉🍎🌈"
attractive,random,30,155,1,1,"Elevate your well-being with a vibrant plate of fresh fruits and veggies. Join the wellness revolution today! 🍉🍎🌈💬💡"
attractive,random,30,156,1,1,"Elevate your well-being with a vibrant plate of fresh fruits and veggies. Join the wellness revolution today! 🍉🍎🌈nych"
attractive,random,30,157,1,1,"Join the wellness revolution with a vibrant plate of fresh fruits and veggies! 🍉🍎🌈 Boost your well-being today!"
attractive,random,30,158,1,1,"Elevate your well-being with a vibrant plate of fresh fruits and veggies! Join the wellness revolution today! 🍉🍎🌈🥗"
attractive,random,30,159,1,1,"Elevate your well-being with a vibrant plate of fresh fruits and veggies! Join the wellness revolution now! 🍉🍎🌈🚀"
attractive,random,31,46,18,5,"Elevate your well-being with a colorful plate of fresh fruits and veggies. Join the wellness revolution now! 🍉🍎🌈"
attractive,random,31,155,1,0,"Elevate your well-being with a vibrant plate of fresh fruits and veggies. Join the wellness revolution today! 🍉🍎🌈💬💡"
attractive,random,31,157,80,34,"Join the wellness revolution with a vibrant plate of fresh fruits and veggies! 🍉🍎🌈 Boost your well-being today!"
attractive,random,31,159,1,1,"Elevate your well-being with a vibrant plate of fresh fruits and veggies! Join the wellness revolution now! 🍉🍎🌈🚀"
attractive,random,31,160,1,2,"Elevate your well-being with a colorful plate of fresh fruits and veggies! Join the wellness revolution now! 🍉🍎🌈🚀"
attractive,random,31,161,1,2,"Elevate your well-being with a vibrant plate of fresh fruits and veggies. Join the wellness revolution today! 🍉🍎🌈🥗"
attractive,random,31,162,1,2,"Elevate your well-being with a vibrant plate of fresh fruits and veggies. Join the wellness revolution today! 🍉🍎🌈zet"
attractive,random,31,163,1,2,"Elevate your well-being with a vibrant plate of fresh fruits and veggies. Join the wellness revolution today! 🍉🍎🌈nych"
attractive,random,31,164,1,2,"Elevate your well-being with a vibrant plate of fresh fruits and veggies. Join the wellness revolution today! 🍉🍎🌈zet"
attractive,random,32,46,49,17,"Elevate your well-being with a colorful plate of fresh fruits and veggies. Join the wellness revolution now! 🍉🍎🌈"
attractive,random,32,157,51,25,"Join the wellness revolution with a vibrant plate of fresh fruits and veggies! 🍉🍎🌈 Boost your well-being today!"
attractive,random,32,165,1,2,"Elevate your wellness with a colorful plate of fresh fruits and veggies! 🍉🍎🌈 Transform your health today! 💪儿"
attractive,random,32,166,1,2,"Elevate your wellness with a colorful plate of fresh fruits and veggies! 🍉🍎🌈 Transform your health today! 💪✨"
attractive,random,32,167,1,1,"Elevate your well-being with a vibrant plate of fresh fruits and veggies. Join the wellness revolution today! 🍉🍎🌈"
attractive,random,32,168,1,2,"Elevate your health with a colorful plate of fresh fruits and veggies! 🍉🍎🌈 Transform today!"
attractive,random,32,169,1,1,"Elevate your well-being with a colorful plate of fresh fruits and veggies. Join the wellness revolution now! 🍉🍎🌈zet"
attractive,random,33,46,8,4,"Elevate your well-being with a colorful plate of fresh fruits and veggies. Join the wellness revolution now! 🍉🍎🌈"
attractive,random,33,157,4,1,"Join the wellness revolution with a vibrant plate of fresh fruits and veggies! 🍉🍎🌈 Boost your well-being today!"
attractive,random,33,168,87,38,"Elevate your health with a colorful plate of fresh fruits and veggies! 🍉🍎🌈 Transform today!"
attractive,random,33,169,1,0,"Elevate your well-being with a colorful plate of fresh fruits and veggies. Join the wellness revolution now! 🍉🍎🌈zet"
attractive,random,33,170,1,1,"Elevate your life with a colorful plate of fresh fruits and veggies! 🍉🍎🌈 Boost your well-being now!"
attractive,random,33,171,1,2,"Elevate your well-being with a vibrant plate of fresh fruits and veggies. Join the wellness revolution today! 🍉🍎🌈"
attractive,random,33,172,1,2,"Elevate your well-being with a vibrant plate of fresh fruits and veggies. Join the wellness revolution now! 🍉🍎🌈"
attractive,random,33,173,1,1,"Elevate your well-being with a vibrant plate of fresh fruits and veggies. Join the wellness revolution today! 🍉🍎🌈zet"
attractive,random,33,174,1,1,"Elevate your well-being with a vibrant plate of fresh fruits and veggies! 🍉🍎🌈 Transform your day! 💪"
attractive,random,34,168,100,44,"Elevate your health with a colorful plate of fresh fruits and veggies! 🍉🍎🌈 Transform today!"
attractive,random,34,175,1,2,"Elevate your well-being with a vibrant plate of fresh fruits and veggies! 🍉🍎🌈 Transform your day! 💡✨"
attractive,random,34,176,1,1,"Elevate your well-being with a vibrant plate of fresh fruits and veggies! 🍉🍎🌈 Transform your life today! 💚✨"
attractive,random,34,177,1,1,"Elevate your well-being with a rainbow of fresh fruits and veggies! 🍉🍎🌈 Transform today!"
attractive,random,34,178,1,1,"Elevate your wellbeing with a vibrant plate of fresh fruits and veggies! 🍉🍎🌈 Transform your day instantly! 💥✨"
attractive,random,34,179,1,1,"Elevate your well-being with a vibrant plate of fresh fruits and veggies! 🍉🍎🌈 Transform your day instantly! 🍋🍇[VISUAL-Trumpet emoji here]"
attractive,random,35,168,100,44,"Elevate your health with a colorful plate of fresh fruits and veggies! 🍉🍎🌈 Transform today!"
attractive,random,35,180,1,1,"Elevate your well-being with a vibrant plate of fresh fruits and veggies! 🍉🍎🌈 Transform your day! 💡✨"
attractive,random,35,181,1,1,"Elevate your wellbeing with a vibrant plate of fresh fruits and veggies! 🍉🍎🌈 Transform your day!"
attractive,random,35,182,1,2,"Elevate your well-being with a vibrant plate of fresh fruits and veggies! 🍉🍎🌈 Transform your day instantly! 💡🚀"
attractive,random,35,183,1,1,"Elevate your well-being with a vibrant plate of fresh fruits and veggies! 🍉🍎🌈 Transform your day! 🍋🍇👀"
attractive,random,35,184,1,1,"Elevate your well-being with a vibrant plate of fresh fruits and veggies! 🍉🍎🌈 Transform your day!"
attractive,random,36,168,100,42,"Elevate your health with a colorful plate of fresh fruits and veggies! 🍉🍎🌈 Transform today!"
attractive,random,36,185,1,1,"Elevate your well-being with a vibrant plate of fresh fruits and veggies! 🍉🍎🌈 Transform your day! 🌟"
attractive,random,36,186,1,2,"Elevate your well-being with a vibrant plate of fresh fruits and veggies! 🍉🍎🌈 Transform your day instantly! 🍋🍇[VISUAL TRIGGER]"
attractive,random,36,187,1,1,"Transform your well-being with a vibrant plate of fresh fruits and veggies! 🍉🍎🌈 Elevate your health today! 💚🚀"
attractive,random,36,188,1,2,"Elevate your day with a burst of color and freshness from fruits and veggies! 🍉🍎🌈💬✨"
attractive,random,36,189,1,2,"Elevate your well-being with a vibrant plate of fresh fruits and veggies! 🍉🍎🌈 Transform your day instantly! 💡🔥"
attractive,random,37,168,100,43,"Elevate your health with a colorful plate of fresh fruits and veggies! 🍉🍎🌈 Transform today!"
attractive,random,37,190,1,1,"Elevate your well-being with a vibrant plate of fresh fruits and veggies! 🍉🍎🌈 Transform your day! 🌟🔗Share & inspire!"
attractive,random,37,191,1,1,"Elevate your well-being with a vibrant plate of fresh fruits and veggies today! 🍉🍎🌈 Transform your life effortlessly!"
attractive,random,37,192,1,2,"Elevate your well-being with a vibrant plate of fresh fruits and veggies! 🍉🍎🌈 Transform your day!"
attractive,random,37,193,1,1,"Elevate your well-being with a vibrant plate of fresh fruits and veggies! 🍉🍎🌈 Transform your day!"
attractive,random,37,194,1,2,"Elevate your well-being with a vibrant plate of fresh fruits and veggies! 🍉🍎🌈 Transform your life today! 💚👩‍-medicine"
attractive,random,38,168,98,42,"Elevate your health with a colorful plate of fresh fruits and veggies! 🍉🍎🌈 Transform today!"
attractive,random,38,192,1,1,"Elevate your well-being with a vibrant plate of fresh fruits and veggies! 🍉🍎🌈 Transform your day!"
attractive,random,38,194,1,0,"Elevate your well-being with a vibrant plate of fresh fruits and veggies! 🍉🍎🌈 Transform your life today! 💚👩‍-medicine"
attractive,random,38,195,1,1,"Elevate your well-being with a vibrant plate of fresh fruits and veggies! 🍉🍎🌈 Transform your day! 💡💪"
attractive,random,38,196,1,1,"Elevate your well-being with a vibrant plate of fresh fruits and veggies! 🍉🍎🌈 Transform your day!"
attractive,random,38,197,1,1,"Elevate your well-being with a vibrant plate of fresh fruits and veggies! 🍉🍎🌈 Transform your day! 💡"
attractive,random,38,198,1,2,"Elevate your well-being with a vibrant plate of fresh fruits and veggies! 🍉🍎🌈 Transform your day! 💡✨"
attractive,random,38,199,1,2,"Elevate your well-being with a colorful plate of fresh fruits and veggies! 🍉🍎🌈 Transform your life today! 💚👩‍⚕️"
attractive,random,39,168,100,40,"Elevate your health with a colorful plate of fresh fruits and veggies! 🍉🍎🌈 Transform today!"
attractive,random,39,200,1,2,"Elevate your well-being with a vibrant mix of fresh fruits and veggies! 🍉🍎🌈 Transform your day instantly! 💡✨"
attractive,random,39,201,1,4,"Transform your well-being with a vibrant plate of fresh fruits and veggies! 🍉🍎🌈"
attractive,random,39,202,1,2,"Elevate your well-being with a vibrant plate of fresh fruits and veggies! 🍉🍎🌈 Transform your day!"
attractive,random,39,203,1,1,"Elevate your well-being with a vibrant plate of fresh fruits and veggies today! 🍉🍎🌈 Transform effortlessly!"
attractive,random,39,204,1,1," Elevate your well-being with a vibrant plate of fresh fruits and veggies! 🍉🍎🌈 Transform today! 💡✨"
attractive,random,40,168,100,45,"Elevate your health with a colorful plate of fresh fruits and veggies! 🍉🍎🌈 Transform today!"
attractive,random,40,205,1,1,"Elevate your well-being with a vibrant plate of fresh fruits and veggies! 🍉🍎🌈 Transform your day instantly!"
attractive,random,40,206,1,1,"Elevate your well-being with a vibrant plate of fresh fruits and veggies! 🍉🍎🌈 Transform your day! 💡🚀"
attractive,random,40,207,1,1,"Elevate your wellbeing with a vibrant plate of fresh fruits and veggies! 🍉🍎🌈 Transform your day instantly! 🌟👉🔗 Share the health!"
attractive,random,40,208,1,1,"Elevate your well-being with a vibrant plate of fresh fruits and veggies today! 🍉🍎🌈 Transform your life! 🍝🌱"
attractive,random,40,209,1,1,"Transform your well-being with a vibrant plate of fresh fruits and veggies! 🍉🍎🌈"
attractive,random,41,168,98,42,"Elevate your health with a colorful plate of fresh fruits and veggies! 🍉🍎🌈 Transform today!"
attractive,random,41,205,2,1,"Elevate your well-being with a vibrant plate of fresh fruits and veggies! 🍉🍎🌈 Transform your day instantly!"
attractive,random,41,210,1,2,"Transform your life with a colorful plate of fresh fruits and veggies today! 🍉🍎🌈 Enjoy the flavors of health! 🍝🌱"
attractive,random,41,211,1,1,"Elevate your wellbeing with a vibrant plate of fresh fruits and veggies! 🍉🍎🌈 Transform your day! 🌟"
attractive,random,41,212,1,1,"Elevate your well-being with a vibrant plate of fresh fruits and veggies! 🍉🍎🌈 Transform your day! 💚✨"
attractive,random,41,213,1,2,"Elevate your well-being with a vibrant plate of fresh fruits and veggies! 🍉🍎🌈 Transform your day! 🌟"
attractive,random,41,214,1,1,"Elevate your wellbeing with a vibrant plate of fresh fruits and veggies! 🍉🍎🌈 Transform your day effortlessly!"
attractive,random,42,168,100,42,"Elevate your health with a colorful plate of fresh fruits and veggies! 🍉🍎🌈 Transform today!"
attractive,random,42,215,1,2,"Elevate your well-being with a colorful burst of fresh fruits and veggies! 🍉🍎🌈 Transform your day with nature's nutrients! 💚⚡️"
attractive,random,42,216,1,1,"Elevate your well-being with a vibrant plate of fresh fruits and veggies! 🍉🍎🌈 Transform your day instantly!"
attractive,random,42,217,1,2,"Elevate your well-being with a vibrant plate of fresh fruits and veggies! 🍉🍎🌈 Transform your day! 🌟👉🔗 Share & inspire!"
attractive,random,42,218,1,1,"Transform your day with a vibrant plate of fresh fruits and veggies! 🍉🍎🌈 Elevate your wellbeing and vitality today! 💚🔗"
attractive,random,42,219,1,2,"Transform your well-being with a vibrant plate of fresh fruits and veggies! 🍉🍎🌈 Your health awaits! 🍋🍊evity"
attractive,random,43,168,100,43,"Elevate your health with a colorful plate of fresh fruits and veggies! 🍉🍎🌈 Transform today!"
attractive,random,43,220,1,2,"Elevate your well-being with a vibrant plate of fresh fruits and veggies! 🍏🍎🌈 Transform your day!"
attractive,random,43,221,1,1,"Elevate your well-being with a vibrant plate of fresh fruits and veggies! 🍉🍎🌈 Transform your day! 💡"
attractive,random,43,222,1,1,"Elevate your well-being with a vibrant plate of fresh fruits and veggies! 🍉🍎🌈 Transform your day! 💡✨"
attractive,random,43,223,1,1,"Elevate your well-being with a vibrant plate of fresh fruits and veggies! 🍉🍎🌈 Transform your day instantly!"
attractive,random,43,224,1,2,"Elevate your well-being with a vibrant plate of fresh fruits and veggies! 🍉🍎🌈 Transform your day! 💡🔥"
attractive,random,44,168,100,43,"Elevate your health with a colorful plate of fresh fruits and veggies! 🍉🍎🌈 Transform today!"
attractive,random,44,225,1,1,"Elevate your well-being with a vibrant plate of fresh fruits and veggies! 🍉🍎🌈 Transform your day! 💪👉🏼 #HealthyEating #WellnessWednesday 🍎🍊"
attractive,random,44,226,1,2,"Elevate your well-being with a vibrant plate of fresh fruits and veggies! 🍉🍎🌈 Transform your life today!"
attractive,random,44,227,1,1,"Elevate your well-being with a vibrant plate of fresh fruits and veggies! 🍉🍎🌈 Transform your day! 💡🔗"
attractive,random,44,228,1,1,"Transform your well-being with a vibrant plate of fresh fruits and veggies! 🍉🍎🌈"
attractive,random,44,229,1,2,"Elevate your well-being with a vibrant plate of fresh fruits and veggies today! 🍉🍎🌈 Transform your life!"
attractive,random,45,168,100,39,"Elevate your health with a colorful plate of fresh fruits and veggies! 🍉🍎🌈 Transform today!"
attractive,random,45,230,1,3,"Elevate your well-being with a colorful plate of fresh fruits and veggies! 🍉🍎🌈"
attractive,random,45,231,1,2,"Elevate your wellness with a vibrant plate of fresh fruits and veggies! 🍉🍎🌈 Transform your day instantly!"
attractive,random,45,232,1,2,"Elevate your well-being with a vibrant plate of fresh fruits and veggies! 🍉🍎🌈 Transform your day! 💡👉нст
attractive,random,"
attractive,random,45,233,1,1,"Elevate your well-being with a colorful plate of fresh fruits and veggies today! 🍉🍎🌈 Transform your life now! 💚🔗"
attractive,random,45,234,1,3,"Elevate your well-being with a vibrant plate of fresh fruits and veggies! 🍉🍎🌈 Transform your day instantly! 🌟✨"
attractive,random,46,168,15,7,"Elevate your health with a colorful plate of fresh fruits and veggies! 🍉🍎🌈 Transform today!"
attractive,random,46,230,85,37,"Elevate your well-being with a colorful plate of fresh fruits and veggies! 🍉🍎🌈"
attractive,random,46,235,1,1,"Elevate your well-being with a vibrant plate of fresh fruits and veggies! 🍉🍎🌈 Transform your day!"
attractive,random,46,236,1,1,"Elevate your well-being with a vibrant plate of fresh fruits and veggies! 🍏🍎🌈"
attractive,random,46,237,1,2,"Elevate your well-being with a vibrant plate of fresh fruits and veggies! 🍉🍎🌈 Transform your day! 🍝✨"
attractive,random,46,238,1,1,"Elevate your well-being with a vibrant plate of fresh fruits and veggies! 🍉🍎🌈 Transform your day instantly!"
attractive,random,46,239,1,1,"Elevate your wellness with a vibrant plate of fresh fruits and veggies! 🍉🍎🌈 Transform your day instantly!"
attractive,random,47,168,5,3,"Elevate your health with a colorful plate of fresh fruits and veggies! 🍉🍎🌈 Transform today!"
attractive,random,47,230,95,39,"Elevate your well-being with a colorful plate of fresh fruits and veggies! 🍉🍎🌈"
attractive,random,47,240,1,1,"Elevate your well-being with a vibrant plate of fresh fruits and veggies! 🍋🍎🌈"
attractive,random,47,241,1,2,"Fuel your body with a vibrant mix of fresh fruits and veggies! 🍓🍇🍎🌈"
attractive,random,47,242,1,1,"Boost your health with a vibrant plate of fresh fruits and veggies! 🍓🥕🌈"
attractive,random,47,243,1,3,"Elevate your well-being with a vibrant plate of fresh fruits and veggies! 🍉🍎🌈"
attractive,random,47,244,1,1,"Elevate your well-being with a vibrant plate of fresh fruits and veggies! 🍉🍎🌈"
attractive,random,48,230,91,38,"Elevate your well-being with a colorful plate of fresh fruits and veggies! 🍉🍎🌈"
attractive,random,48,243,9,4,"Elevate your well-being with a vibrant plate of fresh fruits and veggies! 🍉🍎🌈"
attractive,random,48,245,1,3,"Elevate your well-being with a colorful platter of fresh fruits and veggies! 🍉🍎🌈"
attractive,random,48,246,1,1,"Elevate your well-being with a vibrant plate of fresh fruits and veggies! 🍉🍎🌈🥗"
attractive,random,48,247,1,2,"Elevate your well-being with a vibrant plate of fresh fruits and veggies! 🍉🍎🌈"
attractive,random,48,248,1,1,"Elevate your well-being with a vibrant plate of fresh fruits and veggies! 🍉🍎🌈"
attractive,random,48,249,1,1,"Elevate your well-being with a vibrant plate of fresh fruits and veggies! 🍉🍎🌈"
attractive,random,49,243,92,39,"Elevate your well-being with a vibrant plate of fresh fruits and veggies! 🍉🍎🌈"
attractive,random,49,245,1,1,"Elevate your well-being with a colorful platter of fresh fruits and veggies! 🍉🍎🌈"
attractive,random,49,246,3,2,"Elevate your well-being with a vibrant plate of fresh fruits and veggies! 🍉🍎🌈🥗"
attractive,random,49,248,4,2,"Elevate your well-being with a vibrant plate of fresh fruits and veggies! 🍉🍎🌈"
attractive,random,49,250,1,1,"Elevate your well-being with a vibrant plate of fresh fruits and veggies! 🍉🍎🌈 Enjoy the flavors and feel the difference! 💪✨"
attractive,random,49,251,1,2,"Elevate your well-being with a vibrant plate of fresh fruits and veggies! 🍓🥦🌈"
attractive,random,49,252,1,1,"Elevate your well-being with a vibrant plate of fresh fruits and veggies! 🍉🍎🌈"
attractive,random,49,253,1,1,"Boost your health with a vibrant plate of fresh fruits and veggies! 🍉🍎🌈"
attractive,random,49,254,1,1,"Elevate your well-being with a vibrant plate of fresh fruits and veggies! 🍉🍎🌈"
attractive,random,50,243,52,27,"Elevate your well-being with a vibrant plate of fresh fruits and veggies! 🍉🍎🌈"
attractive,random,50,248,48,15,"Elevate your well-being with a vibrant plate of fresh fruits and veggies! 🍉🍎🌈"
attractive,random,50,255,1,3,"Elevate your well-being with a vibrant plate of fresh fruits and veggies! 🍉🍎🌈🥗 Taste the difference nature has to offer! 🌼🌟"
attractive,random,50,256,1,1,"Elevate your well-being with a colorful burst of fresh fruits and veggies! 🍓🥦🌈"
attractive,random,50,257,1,2,"Elevate your well-being with a colorful burst of fresh fruits and veggies! 🍉🍎🌈"
attractive,random,50,258,1,1,"Elevate your well-being with a colorful plate of fresh fruits and veggies! 🍉🍎🌈"
attractive,random,50,259,1,1,"Elevate your well-being with a colorful plate of fresh fruits and veggies! 🌈🍎🥦✨"
attractive,random,51,243,100,38,"Elevate your well-being with a vibrant plate of fresh fruits and veggies! 🍉🍎🌈"
attractive,random,51,260,1,2,"Elevate your well-being with a colorful burst of fresh fruits and veggies! 🍉🍎🌈"
attractive,random,51,261,1,3,"Elevate your well-being with a colorful plate of fresh fruits and veggies! 🍉🍎🌈"
attractive,random,51,262,1,1,"Elevate your well-being with a colorful plate of fresh fruits and veggies! 🍉🍎🌈"
attractive,random,51,263,1,4,"Elevate your well-being with a colorful burst of fresh fruits and veggies! 🍉🍎🌈"
attractive,random,51,264,1,2,"Elevate your well-being with vibrant colors and fresh fruits & veggies! 🍉🍎🌈"
attractive,random,52,243,100,43,"Elevate your well-being with a vibrant plate of fresh fruits and veggies! 🍉🍎🌈"
attractive,random,52,265,1,1,"Elevate your well-being with a colorful burst of fresh fruits and veggies! 🍓 Bakanly 🥗✨🌈"
attractive,random,52,266,1,1,"Elevate your well-being with a vibrant mix of fresh fruits and veggies! 🍉🍎🌈"
attractive,random,52,267,1,3,"Elevate your well-being with a colorful bounty of fresh fruits and veggies! 🍉🍎🌈"
attractive,random,52,268,1,1,"Elevate your well-being with a colorful plate of fresh fruits and veggies! 🍉🍎🌈"
attractive,random,52,269,1,1,"Elevate your well-being with a colorful plate of fresh fruits and veggies today! 🍉🍎🌈"
attractive,random,53,243,100,43,"Elevate your well-being with a vibrant plate of fresh fruits and veggies! 🍉🍎🌈"
attractive,random,53,270,1,1,"Elevate your well-being with a colorful plate of fresh fruits and veggies! 🍉🍎🌈nych"
attractive,random,53,271,1,2,"Elevate your well-being with a colorful plate of fresh fruits and veggies! 🍉🍎🌈nych"
attractive,random,53,272,1,2,"Elevate your well-being with vibrant colors: fresh fruits and veggies! 🍉🍎🌈"
attractive,random,53,273,1,1,"Elevate your well-being with a colorful plate of fresh fruits and veggies! 🍉🍎🌈"
attractive,random,53,274,1,1,"Elevate your well-being with vibrant colors and fresh fruits & veggies! 🍉🍎🌈"
attractive,random,54,243,100,39,"Elevate your well-being with a vibrant plate of fresh fruits and veggies! 🍉🍎🌈"
attractive,random,54,275,1,1,"Elevate your well-being with a vibrant plate of fresh fruits and veggies! 🍓🥦🌈nych"
attractive,random,54,276,1,2,"Elevate your well-being with a colorful feast of fresh fruits and veggies! 🍉🍎🌈"
attractive,random,54,277,1,3,"Elevate your well-being with a colorful plate of fresh fruits and veggies! 🌈🍎greens 😊✨"
attractive,random,54,278,1,2,"Elevate your well-being with a colorful plate of fresh fruits and veggies! 🌈🍎🍇"
attractive,random,54,279,1,3,"Elevate your well-being with a colorful plate of fresh fruits and veggies! 🍉🍎🌈"
attractive,random,55,243,100,40,"Elevate your well-being with a vibrant plate of fresh fruits and veggies! 🍉🍎🌈"
attractive,random,55,280,1,2,"Elevate your well-being with a colorful plate of fresh fruits and veggies! 🌟🍎🥦"
attractive,random,55,281,1,3,"Elevate your well-being with a vibrant plate of fresh fruits and veggies! 🍉🍎🌈"
attractive,random,55,282,1,2,"Elevate your well-being with a colorful explosion of fresh fruits and veggies! 🍉🍎🌈"
attractive,random,55,283,1,1,"Elevate your well-being with a colorful feast of fresh fruits and veggies! 🍉🍎🌈"
attractive,random,55,284,1,2,"Elevate your well-being with a colorful plate of fresh fruits and veggies today! 🍓🥦🌈nych"
attractive,random,56,243,97,41,"Elevate your well-being with a vibrant plate of fresh fruits and veggies! 🍉🍎🌈"
attractive,random,56,284,3,2,"Elevate your well-being with a colorful plate of fresh fruits and veggies today! 🍓🥦🌈nych"
attractive,random,56,285,1,2,"Elevate your well-being with a colorful plate of fresh fruits and veggies! 🍉🍎🌈"
attractive,random,56,286,1,1,"Elevate your well-being with a colorful burst of fresh fruits and veggies! 🍉🍎🌈"
attractive,random,56,287,1,2,"Elevate your well-being with a vibrant palette of fresh fruits and veggies! 🍉🍎🌈"
attractive,random,56,288,1,1,"Elevate your well-being with a colorful burst of fresh fruits and veggies! 🍉🍎🌈"
attractive,random,56,289,1,1,"Elevate your well-being with a vibrant plate of fresh fruits and veggies today! 🍓🥦🌈"
attractive,random,57,243,93,39,"Elevate your well-being with a vibrant plate of fresh fruits and veggies! 🍉🍎🌈"
attractive,random,57,285,4,4,"Elevate your well-being with a colorful plate of fresh fruits and veggies! 🍉🍎🌈"
attractive,random,57,287,3,0,"Elevate your well-being with a vibrant palette of fresh fruits and veggies! 🍉🍎🌈"
attractive,random,57,290,1,3,"Elevate your well-being with a colorful burst of fresh fruits and veggies! 🍓🥦🌈"
attractive,random,57,291,1,1,"Elevate your well-being with a vibrant mix of fresh fruits and veggies! 🍉🍎🌈"
attractive,random,57,292,1,1,"Elevate your well-being with a colorful feast of fresh fruits and veggies! 🍉🍎🌈"
attractive,random,57,293,1,1,"Elevate your well-being with a colorful burst of fresh fruits and veggies! 🍉🍎🌈"
attractive,random,57,294,1,1,"Elevate your well-being with a colorful burst of fresh fruits and veggies! 🍉🍎🌈"
attractive,random,58,243,100,44,"Elevate your well-being with a vibrant plate of fresh fruits and veggies! 🍉🍎🌈"
attractive,random,58,295,1,1,"Elevate your well-being with a colorful burst of fresh fruits and veggies! 🍉🍎🌈"
attractive,random,58,296,1,1,"Elevate your well-being with a colorful burst of fresh fruits and veggies! 🍉🍎🌈"
attractive,random,58,297,1,1,"Elevate your well-being with a vibrant plate of fresh fruits and veggies! 🍉🍎🌈"
attractive,random,58,298,1,1,"Elevate your well-being with a colorful burst of fresh fruits and veggies! 🍉🍎🌈"
attractive,random,58,299,1,2,"Elevate your well-being with a colorful burst of fresh fruits and veggies! 🍉🍎🌈"
attractive,random,59,243,2,0,"Elevate your well-being with a vibrant plate of fresh fruits and veggies! 🍉🍎🌈"
attractive,random,59,297,98,42,"Elevate your well-being with a vibrant plate of fresh fruits and veggies! 🍉🍎🌈"
attractive,random,59,300,1,2,"Elevate your well-being with a colorful plate of fresh fruits and veggies! 🍉🍎🌈zet"
attractive,random,59,301,1,2,"Elevate your well-being with a vibrant mix of fresh fruits and veggies! 🍉🍎🌈"
attractive,random,59,302,1,1,"Elevate your well-being with a colorful plate of fresh fruits and veggies! 🍉🍎🌈"
attractive,random,59,303,1,1,"Elevate your well-being with a colorful burst of fresh fruits and veggies! 🍉🍎🌈"
attractive,random,59,304,1,2,"Elevate your well-being with a colorful burst of fresh fruits and veggies! 🍉🍎🌈"
attractive,random,60,297,100,40,"Elevate your well-being with a vibrant plate of fresh fruits and veggies! 🍉🍎🌈"
attractive,random,60,305,1,2,"Elevate your well-being with a vibrant mix of fresh fruits and veggies! 🍉🍎🌈"
attractive,random,60,306,1,3,"Elevate your well-being with a colorful burst of fresh fruits and veggies! 🍉🍎🌈"
attractive,random,60,307,1,2,"Elevate your well-being with a colorful burst of fresh fruits and veggies! 🍞🥗🌈"
attractive,random,60,308,1,2,"Elevate your well-being with a colorful burst of fresh fruits and veggies! 🍉🍎🌈"
attractive,random,60,309,1,1,"Elevate your well-being with a vibrant plate of fresh fruits and veggies! 🍉🍎🌈zet"
attractive,random,61,297,100,41,"Elevate your well-being with a vibrant plate of fresh fruits and veggies! 🍉🍎🌈"
attractive,random,61,310,1,3,"Elevate your well-being with a vibrant mix of fresh fruits and veggies! 🍉🍎🌈"
attractive,random,61,311,1,2,"Elevate your well-being with a colorful burst of fresh fruits and veggies! 🍉🍎🌈"
attractive,random,61,312,1,1,"Fuel your body with a colorful burst of fresh fruits and veggies! 🍉🍎🌈"
attractive,random,61,313,1,1,"Elevate your well-being with a vibrant plate of fresh fruits and veggies today! 🍉🍎🌈nych"
attractive,random,61,314,1,2,"Elevate your well-being with a colorful burst of fresh fruits and veggies! 🍉🍎🌈"
attractive,random,62,297,98,42,"Elevate your well-being with a vibrant plate of fresh fruits and veggies! 🍉🍎🌈"
attractive,random,62,314,2,0,"Elevate your well-being with a colorful burst of fresh fruits and veggies! 🍉🍎🌈"
attractive,random,62,315,1,1,"Elevate your well-being with a vibrant plate of fresh fruits and veggies! 🍉🍎🌈 Enjoy the boost and share the joy! 💪🌟"
attractive,random,62,316,1,1,"Elevate your well-being with a colorful bounty of fresh fruits and veggies! 🍉🍎🌈"
attractive,random,62,317,1,1,"Elevate your well-being with a colorful burst of fresh fruits and veggies! 🍉🍎🌈"
attractive,random,62,318,1,3,"Elevate your well-being with a colorful burst of fresh fruits and veggies! 🍉🍎🌈"
attractive,random,62,319,1,2,"Elevate your well-being with a colorful burst of fresh fruits and veggies! 🍉🍎🌈"
attractive,random,63,297,100,44,"Elevate your well-being with a vibrant plate of fresh fruits and veggies! 🍉🍎🌈"
attractive,random,63,320,1,1,"Supercharge your health with a colorful plate of fresh fruits and veggies! 🍉🍎🌈"
attractive,random,63,321,1,2,"Elevate your well-being with a vibrant mix of fresh fruits and veggies! 🍉🍎🌈"
attractive,random,63,322,1,1,"Elevate your well-being with a colorful plate of fresh fruits and veggies! 🌟🍎 GREEN BEANS 💪"
attractive,random,63,323,1,1,"Elevate your well-being with a colorful plate of fresh fruits and veggies! 🍊🍎🌈"
attractive,random,63,324,1,1,"Elevate your well-being with a colorful burst of fresh fruits and veggies! 🍉🍎🌈"
attractive,random,64,297,100,43,"Elevate your well-being with a vibrant plate of fresh fruits and veggies! 🍉🍎🌈"
attractive,random,64,325,1,2,"Elevate your well-being with a colorful plate of fresh fruits and veggies! 🍉🍎🌈"
attractive,random,64,326,1,1,"Elevate your well-being with a vibrant plate of fresh fruits and veggies! 🍉🍎🌈 Boost your health today! 💡✨"
attractive,random,64,327,1,2,"Elevate your well-being with a colorful plate of fresh fruits and veggies! 🍉🍎🌈nych"
attractive,random,64,328,1,1,"Elevate your well-being with a colorful burst of fresh fruits and veggies! 🍉🍎🌈"
attractive,random,64,329,1,1,"Elevate your well-being with a colorful burst of fresh fruits and veggies! 🍉🍎🌈"
attractive,random,65,297,100,42,"Elevate your well-being with a vibrant plate of fresh fruits and veggies! 🍉🍎🌈"
attractive,random,65,330,1,1,"Elevate your well-being with a colorful burst of fresh fruits and veggies! 🍉🍎🌈"
attractive,random,65,331,1,2,"Elevate your well-being with a colorful plate of fresh fruits and veggies! 🍉🍎🌈"
attractive,random,65,332,1,1,"Fuel your body with a colorful bounty of fresh fruits and veggies! 🍉🍎🌈"
attractive,random,65,333,1,2,"Elevate your well-being with a colorful plate of fresh fruits and veggies today! 🌟🍎🍉"
attractive,random,65,334,1,2,"Elevate your well-being with a colorful burst of fresh fruits and veggies! 🍉🍎🌈"
attractive,random,66,297,100,40,"Elevate your well-being with a vibrant plate of fresh fruits and veggies! 🍉🍎🌈"
attractive,random,66,335,1,3,"Elevate your well-being with a vibrant mix of fresh fruits and veggies! 🍉🍎🌈"
attractive,random,66,336,1,2,"Elevate your well-being with a vibrant mix of fresh fruits and veggies! 🍉🍎🌈"
attractive,random,66,337,1,1,"Elevate your well-being with a colorful feast of fresh fruits and veggies! 🍉🍎🌈"
attractive,random,66,338,1,3,"Elevate your well-being with a colorful burst of fresh fruits and veggies! 🍉🍎🌈"
attractive,random,66,339,1,1,"Elevate your well-being with a colorful plate of fresh fruits and veggies! 🍉🍎🌈"
attractive,random,67,297,100,42,"Elevate your well-being with a vibrant plate of fresh fruits and veggies! 🍉🍎🌈"
attractive,random,67,340,1,1,"Elevate your well-being with a vibrant mix of fresh fruits and veggies! 🍉🍎🌈"
attractive,random,67,341,1,1,"Elevate your well-being with a colorful burst of fresh fruits and veggies! 🍉🍎🌈"
attractive,random,67,342,1,2,"Elevate your well-being with a colorful plate of fresh fruits and veggies! 🍉🍎🌈"
attractive,random,67,343,1,3,"Elevate your well-being with vibrant fruits and veggies! 🍉🍎🌈"
attractive,random,67,344,1,1,"Elevate your well-being with a vibrant plate of fresh fruits and veggies! 🌍🍎🍊🌈"
attractive,random,68,297,100,41,"Elevate your well-being with a vibrant plate of fresh fruits and veggies! 🍉🍎🌈"
attractive,random,68,345,1,2,"Elevate your well-being with a colorful plate of fresh fruits and veggies! 🍉🍎🌈"
attractive,random,68,346,1,2,"Elevate your well-being with a colorful plate of fresh fruits and veggies! 🍉🍎🌈"
attractive,random,68,347,1,1,"Elevate your well-being with a colorful plate of fresh fruits and veggies! 🍉🍎🌈"
attractive,random,68,348,1,1,"Elevate your well-being with vibrant fruits and veggies! 🍉🍎🌈 Boost your health today! 💡ież"
attractive,random,68,349,1,3,"Elevate your well-being with a colorful burst of fresh fruits and veggies! 🍉🍎🌈"
attractive,random,69,297,98,42,"Elevate your well-being with a vibrant plate of fresh fruits and veggies! 🍉🍎🌈"
attractive,random,69,346,1,0,"Elevate your well-being with a colorful plate of fresh fruits and veggies! 🍉🍎🌈"
attractive,random,69,349,1,1,"Elevate your well-being with a colorful burst of fresh fruits and veggies! 🍉🍎🌈"
attractive,random,69,350,1,1,"Elevate your well-being with a colorful burst of fresh fruits and veggies! 🍉🍎🌈"
attractive,random,69,351,1,2,"Elevate your well-being with a colorful feast of fresh fruits and veggies! 🍓🥦🌈"
attractive,random,69,352,1,1,"Elevate your well-being with a colorful feast of fresh fruits and veggies! 🍉🍎🌈"
attractive,random,69,353,1,2,"Elevate your well-being with a vibrant mix of fresh fruits and veggies! 🍉🍎🌈"
attractive,random,69,354,1,1,"Elevate your well-being with vibrant fruits and veggies! 🍉🍎🌈 Transform your health today! 💡"
attractive,random,70,297,100,43,"Elevate your well-being with a vibrant plate of fresh fruits and veggies! 🍉🍎🌈"
attractive,random,70,355,1,2,"Elevate your well-being with a colorful plate of fresh fruits and veggies! 🍉🍎🌈"
attractive,random,70,356,1,1,"Elevate your well-being with a colorful plate of fresh fruits and veggies! 🍉🍎🌈"
attractive,random,70,357,1,1,"Elevate your well-being with a colorful plate of fresh fruits and veggies! 🌈🍎🥦 💡"
attractive,random,70,358,1,1,"Elevate your well-being with a colorful plate of fresh fruits and veggies! 🍉🍎🌈"
attractive,random,70,359,1,2,"Elevate your well-being with a colorful burst of fresh fruits and veggies! 🍓🥕🌈"
attractive,random,71,297,100,43,"Elevate your well-being with a vibrant plate of fresh fruits and veggies! 🍉🍎🌈"
attractive,random,71,360,1,2,"Elevate your well-being with a vibrant mix of fresh fruits and veggies! 🍓🥕🌈"
attractive,random,71,361,1,2,"Elevate your well-being with a colorful burst of fresh fruits and veggies! 🍉🍎🌈"
attractive,random,71,362,1,1,"Elevate your well-being with a colorful burst of fresh fruits and veggies! 🍉🍎🌈"
attractive,random,71,363,1,1,"Supercharge your health with a colorful plate of fresh fruits and veggies! 🍉🍎🌈"
attractive,random,71,364,1,1,"Elevate your well-being with a colorful plate of fresh fruits and veggies! 🍉🍎🌈"
attractive,random,72,297,100,44,"Elevate your well-being with a vibrant plate of fresh fruits and veggies! 🍉🍎🌈"
attractive,random,72,365,1,2,"Elevate your well-being with a colorful plate of fresh fruits and veggies! 🍉🍎🌈"
attractive,random,72,366,1,1,"Elevate your well-being with a colorful burst of fresh fruits and veggies! 🍉🍎🌈"
attractive,random,72,367,1,1,"Elevate your well-being with a colorful burst of fresh fruits and veggies! 🍓🥦🌈"
attractive,random,72,368,1,1,"Elevate your well-being with a colorful burst of fresh fruits and veggies! 🍓🥕🌈"
attractive,random,72,369,1,1,"Elevate your well-being with a colorful burst of fresh fruits and veggies! 🍓🍇🍎🌈"
attractive,random,73,297,100,42,"Elevate your well-being with a vibrant plate of fresh fruits and veggies! 🍉🍎🌈"
attractive,random,73,370,1,1,"Elevate your well-being with a colorful burst of fresh fruits and veggies! 🍉🍎🌈"
attractive,random,73,371,1,2,"Elevate your well-being with a colorful plate of fresh fruits and veggies! 🍉🍎🌈"
attractive,random,73,372,1,2,"Elevate your well-being with a colorful burst of fresh fruits and veggies! 🍓🥦🌈"
attractive,random,73,373,1,2,"Elevate your well-being with a colorful plate of fresh fruits and veggies! 🍉🍎🌈"
attractive,random,73,374,1,1,"Elevate your well-being with a vibrant mix of fresh fruits and veggies! 🍓🥦🌈"
attractive,random,74,297,100,42,"Elevate your well-being with a vibrant plate of fresh fruits and veggies! 🍉🍎🌈"
attractive,random,74,375,1,1,"Elevate your well-being with a colorful plate of fresh fruits and veggies! 🍉🍎🌈"
attractive,random,74,376,1,3,"Elevate your well-being with a colorful burst of fresh fruits and veggies! 🍓🍇🍎🌈"
attractive,random,74,377,1,1,"Elevate your well-being with a colorful plate of fresh fruits and veggies! 🍉🍎🌈nych"
attractive,random,74,378,1,1,"Elevate your well-being with a colorful plate of fresh fruits and veggies! 🍉🍎🌈nych"
attractive,random,74,379,1,2,"Elevate your well-being with a colorful plate of fresh fruits and veggies! 🌟🍎 Greens & more! 💪"
attractive,random,75,297,99,43,"Elevate your well-being with a vibrant plate of fresh fruits and veggies! 🍉🍎🌈"
attractive,random,75,376,1,1,"Elevate your well-being with a colorful burst of fresh fruits and veggies! 🍓🍇🍎🌈"
attractive,random,75,380,1,1,"Elevate your well-being with a colorful plate of fresh fruits and veggies! 🍉🍎🌈"
attractive,random,75,381,1,1,"Fuel your body with a colorful bounty of fresh fruits and veggies! 🍉🍎🌈"
attractive,random,75,382,1,2,"Elevate your well-being with a colorful plate of fresh fruits and veggies! 🌈🍎🥗"
attractive,random,75,383,1,1,"Elevate your well-being with a vibrant plate of fresh fruits and veggies! 🍉🍎🌈"
attractive,random,75,384,1,1,"Elevate your well-being with a colorful feast of fresh fruits and veggies! 🍉🍎🌈"
attractive,random,76,297,100,44,"Elevate your well-being with a vibrant plate of fresh fruits and veggies! 🍉🍎🌈"
attractive,random,76,385,1,1,"Elevate your well-being with a colorful burst of fresh fruits and veggies! 🍉🍎🌈"
attractive,random,76,386,1,1,"Elevate your well-being with a colorful burst of fresh fruits and veggies! 🍓🥕🌈"
attractive,random,76,387,1,1,"Elevate your well-being with a colorful burst of fresh fruits and veggies! 🍉🍎🌈"
attractive,random,76,388,1,1,"Elevate your well-being with a colorful burst of fresh fruits and veggies! 🍉🍎🌈"
attractive,random,76,389,1,2,"Elevate your well-being with a colorful palette of fresh fruits and veggies! 🍉🍎🌈"
attractive,random,77,297,100,40,"Elevate your well-being with a vibrant plate of fresh fruits and veggies! 🍉🍎🌈"
attractive,random,77,390,1,3,"Elevate your well-being with a colorful burst of fresh fruits and veggies! 🍓🥕🌈"
attractive,random,77,391,1,1,"Elevate your well-being with a colorful plate of fresh fruits and veggies! 🍉🍎🌈 #HealthyEating #WellnessJourney"
attractive,random,77,392,1,2,"Elevate your well-being with a colorful plate of fresh fruits and veggies! 🍉🍎🌈"
attractive,random,77,393,1,1,"Elevate your well-being with a colorful feast of fresh fruits and veggies! 🍉🍎🌈"
attractive,random,77,394,1,3,"Elevate your well-being with a colorful bounty of fresh fruits and veggies! 🍉🍎🌈"
attractive,random,78,297,100,43,"Elevate your well-being with a vibrant plate of fresh fruits and veggies! 🍉🍎🌈"
attractive,random,78,395,1,1,"Elevate your well-being with a colorful burst of fresh fruits and veggies! 🍉🍎🌈"
attractive,random,78,396,1,1,"Elevate your well-being with a colorful burst of fresh fruits and veggies! 🍉🍎🌈"
attractive,random,78,397,1,1,"Freshen up your day with a vibrant plate of colorful fruits and veggies! 🍓瓠️🌈 #HealthyEats #WellnessWednesday"
attractive,random,78,398,1,1,"Elevate your well-being with a colorful plate of fresh fruits and veggies! 🍉🍎🌈"
attractive,random,78,399,1,3,"Elevate your well-being with a colorful burst of fresh fruits and veggies! 🍓🥦🌈"
attractive,random,79,297,100,42,"Elevate your well-being with a vibrant plate of fresh fruits and veggies! 🍉🍎🌈"
attractive,random,79,400,1,2,"Elevate your well-being with a colorful plate of fresh fruits and veggies! 🍉🍎🌈"
attractive,random,79,401,1,2,"Elevate your well-being with a colorful plate of fresh fruits and veggies! 🍉🍎🌈"
attractive,random,79,402,1,1,"Elevate your well-being with a colorful burst of fresh fruits and veggies! 🍉🍎🌈"
attractive,random,79,403,1,2,"Elevate your well-being with a colorful burst of fresh fruits and veggies! 🍓🥦🌈"
attractive,random,79,404,1,1,"Elevate your well-being with a colorful burst of fresh fruits and veggies! 🍉🍎🌈"
attractive,random,80,297,100,41,"Elevate your well-being with a vibrant plate of fresh fruits and veggies! 🍉🍎🌈"
attractive,random,80,405,1,1,"Elevate your well-being with a vibrant plate of fresh fruits and veggies! 🍓🥕🌈"
attractive,random,80,406,1,1,"Elevate your well-being with a colorful burst of fresh fruits and veggies! 🍉🍎🌈"
attractive,random,80,407,1,2,"Elevate your well-being with a vibrant plate of fresh fruits and veggies! 🍉🍎🌈"
attractive,random,80,408,1,3,"Elevate your well-being with a colorful burst of fresh fruits and veggies! 🍉🍎🌈"
attractive,random,80,409,1,2,"Elevate your well-being with a vibrant plate of fresh fruits and veggies! 🍏🍎🌈"
attractive,random,81,297,19,11,"Elevate your well-being with a vibrant plate of fresh fruits and veggies! 🍉🍎🌈"
attractive,random,81,408,81,28,"Elevate your well-being with a colorful burst of fresh fruits and veggies! 🍉🍎🌈"
attractive,random,81,410,1,3,"Elevate your well-being with a colorful feast of fresh fruits and veggies! 🍉🍎🌈"
attractive,random,81,411,1,2,"Elevate your well-being with a colorful burst of fresh fruits and veggies! 🍓🍇🍎🥗🌈"
attractive,random,81,412,1,1,"Elevate your well-being with a colorful burst of fresh fruits and veggies! 🍉🍎🌈"
attractive,random,81,413,1,4,"Elevate your well-being with a colorful plate of fresh fruits and veggies! 🍉🍎🌈"
attractive,random,81,414,1,1,"Elevate your well-being with a colorful plate of fresh fruits and veggies! 🍉🍎🌈"
attractive,random,82,411,97,40,"Elevate your well-being with a colorful burst of fresh fruits and veggies! 🍓🍇🍎🥗🌈"
attractive,random,82,413,3,1,"Elevate your well-being with a colorful plate of fresh fruits and veggies! 🍉🍎🌈"
attractive,random,82,415,1,1,"Elevate your well-being with a vibrant plate of fresh fruits and veggies! 🍉🍎🌈 Enjoy the freshness and feel the energy boost! 💪✨"
attractive,random,82,416,1,4,"Elevate your well-being with a vibrant mix of fresh fruits and veggies! 🍉🍇🍎🍏💡"
attractive,random,82,417,1,1,"Dive into a vibrant feast of fresh fruits and veggies for a healthier you! 🍉🍎🌈"
attractive,random,82,418,1,2,"Elevate your well-being with a vibrant plate of fresh fruits and veggies! 🍉🍎🌈"
attractive,random,82,419,1,1,"Elevate your well-being with a vibrant mix of fresh fruits and veggies! 🍉🍎🌈"
attractive,random,83,411,81,39,"Elevate your well-being with a colorful burst of fresh fruits and veggies! 🍓🍇🍎🥗🌈"
attractive,random,83,416,19,6,"Elevate your well-being with a vibrant mix of fresh fruits and veggies! 🍉🍇🍎🍏💡"
attractive,random,83,420,1,1,"Elevate your well-being with vibrant colors from fresh fruits and veggies! 🍓🍇🍎🥗🌈"
attractive,random,83,421,1,1,"Elevate your well-being with a vibrant mix of fresh fruits and veggies! 🍓🍇🍎🥗🌈"
attractive,random,83,422,1,1,"Elevate your well-being with a vibrant mix of fresh fruits and veggies! 🍓🍇🍎🥗🌈"
attractive,random,83,423,1,1,"Elevate your well-being with vibrant colors from fresh fruits and veggies! 🍓🍇🍎🥗🌈"
attractive,random,83,424,1,1,"Elevate your well-being with a vibrant mix of fresh fruits and veggies! 🍓🍇🍎🥗🌈"
attractive,random,84,411,89,34,"Elevate your well-being with a colorful burst of fresh fruits and veggies! 🍓🍇🍎🥗🌈"
attractive,random,84,416,11,6,"Elevate your well-being with a vibrant mix of fresh fruits and veggies! 🍉🍇🍎🍏💡"
attractive,random,84,425,1,2,"Supercharge your health with a vibrant mix of fresh fruits and veggies! 🍓🍇🍎🥗🌈"
attractive,random,84,426,1,1,"Supercharge your health with a vibrant mix of fresh fruits and veggies! 🍓🍇🍎🥗🌈"
attractive,random,84,427,1,3,"Elevate your well-being with a vibrant mix of fresh fruits and veggies! 🍓🍇🍎🥗🌈"
attractive,random,84,428,1,2,"Elevate your well-being with a burst of fresh fruits and veggies! 🍉🍇🍎🍏💡"
attractive,random,84,429,1,2,"Elevate your well-being with a vibrant mix of fresh fruits and veggies! 🍓🍇🍎🥗🌈"
attractive,random,85,411,94,38,"Elevate your well-being with a colorful burst of fresh fruits and veggies! 🍓🍇🍎🥗🌈"
attractive,random,85,416,6,3,"Elevate your well-being with a vibrant mix of fresh fruits and veggies! 🍉🍇🍎🍏💡"
attractive,random,85,430,1,2,"Elevate your well-being with a colorful burst of fresh fruits and veggies! 🍓🍇🍎🥗🌈"
attractive,random,85,431,1,1,"Elevate your well-being with a vibrant mix of fresh fruits and veggies! 🍓🍇🍎🥗🌈"
attractive,random,85,432,1,3,"Elevate your well-being with a vibrant mix of fresh fruits and veggies! 🍓🍇🍎🥦/Branch into better health today!"
attractive,random,85,433,1,1,"Elevate your well-being with a vibrant mix of fresh fruits and veggies! 🍉🍎🍏:[[💡More Vitality Here]]"
attractive,random,85,434,1,2,"Elevate your well-being with a vibrant mix of fresh fruits and veggies! 🍓🍇🍎🥗🌈"
attractive,random,86,411,88,36,"Elevate your well-being with a colorful burst of fresh fruits and veggies! 🍓🍇🍎🥗🌈"
attractive,random,86,416,9,2,"Elevate your well-being with a vibrant mix of fresh fruits and veggies! 🍉🍇🍎🍏💡"
attractive,random,86,430,3,0,"Elevate your well-being with a colorful burst of fresh fruits and veggies! 🍓🍇🍎🥗🌈"
attractive,random,86,435,1,3,"Elevate your well-being with a vibrant mix of fresh fruits and veggies! 🍓🍇🍎coli"
attractive,random,86,436,1,2,"Elevate your well-being with a vibrant mix of fresh fruits and veggies! 🍓🍇🍎🥦🥗🌈"
attractive,random,86,437,1,2,"Elevate your well-being with vibrant colors from fresh fruits and veggies! 🍓🍇🍎🥗🌈"
attractive,random,86,438,1,2,"Elevate your well-being with a vibrant mix of fresh fruits and veggies! 🍓🍇🍎🥗🌈"
attractive,random,86,439,1,3,"Elevate your well-being with a vibrant mix of fresh fruits and veggies! 🍋🍇🍎🥗🌈"
attractive,random,87,411,92,41,"Elevate your well-being with a colorful burst of fresh fruits and veggies! 🍓🍇🍎🥗🌈"
attractive,random,87,416,8,4,"Elevate your well-being with a vibrant mix of fresh fruits and veggies! 🍉🍇🍎🍏💡"
attractive,random,87,440,1,1," Elevate your well-being with a vibrant mix of fresh fruits and veggies! 🍓🍇🍎🥗🌈"
attractive,random,87,441,1,1,"Elevate your well-being with a vibrant mix of fresh fruits and veggies! 🍏🍇🍎🥦🌈"
attractive,random,87,442,1,1,"Elevate your well-being with a vibrant blend of fresh fruits and veggies! 🍓🍇🍎🥗🌈"
attractive,random,87,443,1,1,"Elevate your well-being with a vibrant mix of fresh fruits and veggies! 🍓🍇🍎🥗🌈"
attractive,random,87,444,1,1,"Elevate your well-being with a vibrant mix of fresh fruits and veggies! 🍓🍇🍎🥗🌈"
attractive,random,88,411,8,5,"Elevate your well-being with a colorful burst of fresh fruits and veggies! 🍓🍇🍎🥗🌈"
attractive,random,88,416,92,37,"Elevate your well-being with a vibrant mix of fresh fruits and veggies! 🍉🍇🍎🍏💡"
attractive,random,88,445,1,2,"Elevate your well-being with a vibrant mix of fresh fruits and veggies! 🍓🍇🍎🥗🌈"
attractive,random,88,446,1,1,"Elevate your well-being with a vibrant mix of fresh fruits and veggies! 🍓🍇🍎🥗🌈"
attractive,random,88,447,1,2,"Elevate your well-being with a vibrant blend of fresh fruits and veggies! 🍓🍇🍎🥗🌈"
attractive,random,88,448,1,1,"Elevate your well-being with a vibrant mix of fresh fruits and veggies! 🍓🍇🍎🥗🌈"
attractive,random,88,449,1,2,"Elevate your well-being with a vibrant blend of fresh fruits and veggies! 🍓🍇🍎🥗🌈"
attractive,random,89,416,100,42,"Elevate your well-being with a vibrant mix of fresh fruits and veggies! 🍉🍇🍎🍏💡"
attractive,random,89,450,1,2,"Elevate your well-being with a colorful burst of fresh fruits and veggies! 🍓🍇🍎🥗💡💬"
attractive,random,89,451,1,1,"Elevate your well-being with a burst of fresh fruits and veggies! 🍉🍎🍇🍏💡"
attractive,random,89,452,1,1,"Enhance your well-being with a vibrant palette of fresh fruits and veggies! 🍓🍇🍎🥗🌈"
attractive,random,89,453,1,2,"Elevate your well-being with a vibrant mix of fresh fruits and veggies! 🍉🍇🍎🍏💖"
attractive,random,89,454,1,2,"Boost your health with a colorful burst of fresh fruits and veggies! 🍓🍇🥦🍎💡"
attractive,random,90,416,91,41,"Elevate your well-being with a vibrant mix of fresh fruits and veggies! 🍉🍇🍎🍏💡"
attractive,random,90,453,9,3,"Elevate your well-being with a vibrant mix of fresh fruits and veggies! 🍉🍇🍎🍏💖"
attractive,random,90,455,1,1,"Elevate your well-being with a vibrant mix of fresh fruits and veggies! 🍏🍇🍎🍉💡"
attractive,random,90,456,1,1,"Elevate your well-being with a burst of fresh fruits and veggies! 🍉🍎🍇🍏💡"
attractive,random,90,457,1,1,"Elevate your well-being with a vibrant mix of fresh fruits and veggies! 🍉🍇🍎🍏💡"
attractive,random,90,458,1,2,"Elevate your well-being with a vibrant mix of fresh fruits and veggies! 🍉🍇🍎🍏✨"
attractive,random,90,459,1,1,"Elevate your well-being with a colorful burst of fresh fruits and veggies! 🍉🍎🍇🍏💡"
attractive,random,91,416,66,31,"Elevate your well-being with a vibrant mix of fresh fruits and veggies! 🍉🍇🍎🍏💡"
attractive,random,91,453,6,6,"Elevate your well-being with a vibrant mix of fresh fruits and veggies! 🍉🍇🍎🍏💖"
attractive,random,91,456,4,0,"Elevate your well-being with a burst of fresh fruits and veggies! 🍉🍎🍇🍏💡"
attractive,random,91,458,24,8,"Elevate your well-being with a vibrant mix of fresh fruits and veggies! 🍉🍇🍎🍏✨"
attractive,random,91,460,1,1,"Elevate your well-being with a vibrant blend of fresh fruits and veggies! 🍉🍎🍇🍏💡"
attractive,random,91,461,1,1,"Elevate your well-being with a delicious blend of fresh fruits and veggies! 🍏🍎🍇🍉💡"
attractive,random,91,462,1,1,"Boost your health with a colorful blend of fresh fruits and veggies! 🍓🍇🍎🍏💡"
attractive,random,91,463,1,1,"Elevate your well-being with a vibrant mix of fresh fruits and veggies! 🍉🍇🍎🍏🌟"
attractive,random,91,464,1,1,"Elevate your well-being with a burst of fresh fruits and veggies! 🍉🍇🍎🍏✨"
attractive,random,92,416,87,39,"Elevate your well-being with a vibrant mix of fresh fruits and veggies! 🍉🍇🍎🍏💡"
attractive,random,92,453,4,0,"Elevate your well-being with a vibrant mix of fresh fruits and veggies! 🍉🍇🍎🍏💖"
attractive,random,92,458,9,5,"Elevate your well-being with a vibrant mix of fresh fruits and veggies! 🍉🍇🍎🍏✨"
attractive,random,92,465,1,1,"Elevate your well-being with a burst of fresh fruits and veggies! 🍉🍇🍎🍏💡"
attractive,random,92,466,1,1,"Elevate your well-being with a vibrant blend of fresh fruits and veggies! 🍉🍎🍇🍏💡"
attractive,random,92,467,1,2,"Elevate your well-being with a colorful burst of fresh fruits and veggies! 🍓🍇🍎🍏💡"
attractive,random,92,468,1,1,"Elevate your well-being with a colorful burst of fresh fruits and veggies! 🍓******
attractive,random,'))); 
attractive,random,
attractive,random,This version is concise yet engaging, encouraging readers to improve their diet and health."
attractive,random,92,469,1,1,"Elevate your well-being with a vibrant mix of fresh fruits and veggies! 🍏🍇🍎💦"
attractive,random,93,416,97,39,"Elevate your well-being with a vibrant mix of fresh fruits and veggies! 🍉🍇🍎🍏💡"
attractive,random,93,458,3,2,"Elevate your well-being with a vibrant mix of fresh fruits and veggies! 🍉🍇🍎🍏✨"
attractive,random,93,470,1,1,"Elevate your well-being with a vibrant mix of fresh fruits and veggies! 🍏🍇🍎💦💡"
attractive,random,93,471,1,3," Elevate your well-being with a delicious blend of fresh fruits and veggies! 🍉🍎🍇🍏✨"
attractive,random,93,472,1,1,"Fuel your body with a colorful blend of fresh fruits and veggies for optimal well-being! 🍉🍎🍇🍏💡"
attractive,random,93,473,1,2,"Boost your health with a colorful burst of fresh fruits and veggies! 🍓🍇🍎🍏💡"
attractive,random,93,474,1,2,"Elevate your well-being with a vibrant blend of fresh fruits and veggies! 🍏🍇🍎💦 Join the healthy revolution today!"
attractive,random,94,416,100,42,"Elevate your well-being with a vibrant mix of fresh fruits and veggies! 🍉🍇🍎🍏💡"
attractive,random,94,475,1,4,"Boost your health with a colorful burst of fresh fruits and veggies! 🍓🍇🍎🍏💡"
attractive,random,94,476,1,1,"Elevate your well-being with a vibrant mix of fresh fruits and veggies! 🍉🍇🍎🍏💡 Boost your health today! 🍊🍎🥗🚀"
attractive,random,94,477,1,1,"Elevate your well-being with a colorful burst of fresh fruits and veggies! 🍉🍎🍇🍏💡"
attractive,random,94,478,1,1,"Elevate your well-being with a colorful burst of fresh fruits and veggies! 🍉🍎🍇🍏💡"
attractive,random,94,479,1,1,"Elevate your well-being with a vibrant mix of fresh fruits and veggies! 🍉🍇🍎🍏💥"
attractive,random,95,416,73,34,"Elevate your well-being with a vibrant mix of fresh fruits and veggies! 🍉🍇🍎🍏💡"
attractive,random,95,475,20,4,"Boost your health with a colorful burst of fresh fruits and veggies! 🍓🍇🍎🍏💡"
attractive,random,95,476,7,5,"Elevate your well-being with a vibrant mix of fresh fruits and veggies! 🍉🍇🍎🍏💡 Boost your health today! 🍊🍎🥗🚀"
attractive,random,95,480,1,2,"Fuel your body with a colorful burst of fresh fruits and veggies for vibrant health! 🍓🍇🍎🍉💡"
attractive,random,95,481,1,1,"Elevate your well-being with a vibrant mix of fresh fruits and veggies! 🍉🍎🍇🍏💡"
attractive,random,95,482,1,2,"Elevate your well-being with a vibrant mix of fresh fruits and veggies! 🍓🍇🍎🍏💡"
attractive,random,95,483,1,1,"Elevate your well-being with a vibrant blend of fresh fruits and veggies! 🍉🍎🍇🍏💡"
attractive,random,95,484,1,1,"Elevate your well-being with a burst of fresh fruits and veggies! 🍉🍎🍇🍏💥"
attractive,random,96,416,94,40,"Elevate your well-being with a vibrant mix of fresh fruits and veggies! 🍉🍇🍎🍏💡"
attractive,random,96,476,6,3,"Elevate your well-being with a vibrant mix of fresh fruits and veggies! 🍉🍇🍎🍏💡 Boost your health today! 🍊🍎🥗🚀"
attractive,random,96,485,1,1,"Elevate your well-being with a vibrant mix of fresh fruits and veggies! 🍉🍇🍎🍏 Boost healthy habits today! 💡🌟"
attractive,random,96,486,1,2,"Elevate your well-being with a burst of fresh fruits and veggies! 🍓🍇🍎🍏🎉💬"
attractive,random,96,487,1,1,"Elevate your well-being with a vibrant mix of fresh fruits and veggies! 🍉🍎🍇🍏💡"
attractive,random,96,488,1,1,"Elevate your well-being with a vibrant mix of fresh fruits and veggies! 🍓🍇🍎🍏💡"
attractive,random,96,489,1,2,"Elevate your well-being with a vibrant blend of fresh fruits and veggies! 🍉🍎🍏vell 💡"
attractive,random,97,416,52,18,"Elevate your well-being with a vibrant mix of fresh fruits and veggies! 🍉🍇🍎🍏💡"
attractive,random,97,476,48,22,"Elevate your well-being with a vibrant mix of fresh fruits and veggies! 🍉🍇🍎🍏💡 Boost your health today! 🍊🍎🥗🚀"
attractive,random,97,490,1,1,"Elevate your well-being with a vibrant mix of fresh fruits and veggies! 🍉🍇🍎🍏💬"
attractive,random,97,491,1,3,"Elevate your well-being with a burst of fresh fruits and veggies! 🍉🍎🍇🍏💡"
attractive,random,97,492,1,3,"Elevate your well-being with a vibrant mix of fresh fruits and veggies! 🍉🍇🍎🍏ombine for a healthier you! 💪🌟"
attractive,random,97,493,1,2,"Enhance your well-being with a vibrant mix of fresh fruits and veggies! 🍋🍎🍇🍏💡"
attractive,random,97,494,1,1,"Boost your health with a colorful burst of fresh fruits and veggies! 🍓*******
attractive,random,:';
attractive,random,"
attractive,random,98,476,73,31,"Elevate your well-being with a vibrant mix of fresh fruits and veggies! 🍉🍇🍎🍏💡 Boost your health today! 🍊🍎🥗🚀"
attractive,random,98,492,9,3,"Elevate your well-being with a vibrant mix of fresh fruits and veggies! 🍉🍇🍎🍏ombine for a healthier you! 💪🌟"
attractive,random,98,493,18,8,"Enhance your well-being with a vibrant mix of fresh fruits and veggies! 🍋🍎🍇🍏💡"
attractive,random,98,495,1,2,"Elevate your well-being with a vibrant mix of fresh fruits and veggies! 🍉🍎🍇🍏💡 Transform your health today! 🍊🥗🚀koń"
attractive,random,98,496,1,1,"Elevate your well-being with a burst of fresh fruits and veggies! 🍉🍎🍇🍏💡💬"
attractive,random,98,497,1,1,"Elevate your well-being with a vibrant mix of fresh fruits and veggies! 🍉🍇🍎🍏 Boost your health today! 🍊🍎🥗🚀"
attractive,random,98,498,1,2,"Elevate your well-being with a colorful blend of fresh fruits and veggies! 🍉🍇🍎🍏💡"
attractive,random,98,499,1,2,"Elevate your well-being with a delicious blend of fresh fruits and veggies! 🍉🍎🍏 Boost your health today! 💡🚀"
attractive,random,99,476,32,14,"Elevate your well-being with a vibrant mix of fresh fruits and veggies! 🍉🍇🍎🍏💡 Boost your health today! 🍊🍎🥗🚀"
attractive,random,99,493,57,21,"Enhance your well-being with a vibrant mix of fresh fruits and veggies! 🍋🍎🍇🍏💡"
attractive,random,99,495,1,0,"Elevate your well-being with a vibrant mix of fresh fruits and veggies! 🍉🍎🍇🍏💡 Transform your health today! 🍊🥗🚀koń"
attractive,random,99,498,4,2,"Elevate your well-being with a colorful blend of fresh fruits and veggies! 🍉🍇🍎🍏💡"
attractive,random,99,499,6,4,"Elevate your well-being with a delicious blend of fresh fruits and veggies! 🍉🍎🍏 Boost your health today! 💡🚀"
attractive,random,99,500,1,1,"Elevate your well-being with a delicious blend of fresh fruits and veggies! 🍉🍎🍊🥕 Boost your health today! 💡🚀"
attractive,random,99,501,1,1,"Elevate your well-being with a colorful burst of fresh fruits and veggies! 🍉🍎🍇🍏💡 Transform your health today! 🍊🥗🚀"
attractive,random,99,502,1,3,"Elevate your well-being with a burst of fresh fruits and veggies! 🍉🍎🍇🍏💡💬"
attractive,random,99,503,1,2,"Elevate your well-being with a colorful burst of fresh fruits and veggies! 🍏🍎🍇🍋💡"
attractive,random,99,504,1,2,"Elevate your well-being with a vibrant mix of fresh fruits and veggies! 🍉🍇🍎🍏 Feel better today! 🍊🍎🥗🚀"
attractive,random,100,476,60,NA,"Elevate your well-being with a vibrant mix of fresh fruits and veggies! 🍉🍇🍎🍏💡 Boost your health today! 🍊🍎🥗🚀"
attractive,random,100,493,32,NA,"Enhance your well-being with a vibrant mix of fresh fruits and veggies! 🍋🍎🍇🍏💡"
attractive,random,100,498,8,NA,"Elevate your well-being with a colorful blend of fresh fruits and veggies! 🍉🍇🍎🍏💡"
attractive,random,100,505,1,NA,"Elevate your well-being with a vibrant mix of fresh fruits and veggies! 🍉🍎🍏Boost your health today! 💡🚀"
attractive,random,100,506,1,NA,"Elevate your well-being with a colorful burst of fresh fruits and veggies! 🍉🍇🍎🍏 Boost your health today! 💡💡💡"
attractive,random,100,507,1,NA,"Boost your health with a vibrant burst of fresh fruits and veggies! 🍉🍎🍇🍏💡"
attractive,random,100,508,1,NA,"Boost your well-being with a colorful burst of fresh fruits and veggies! 🍓🥕🍇🍎💡"
attractive,random,100,509,1,NA," Elevate your well-being with a colorful burst of fresh fruits and veggies! 🍏🍇🍎/Branch into better health today!"
